"","epoch","load.txt.data.x","load.txt.data.y","load.txt.data.z"
"8005",2015-06-28 08:39:40.010,-2.100296,9.77504,0.37197876
"8006",2015-06-28 08:39:40.030,-2.0776825,9.748856,0.41958618
"8007",2015-06-28 08:39:40.051,-2.06221,9.746475,0.4588623
"8008",2015-06-28 08:39:40.072,-2.0586395,9.7226715,0.43148804
"8009",2015-06-28 08:39:40.092,-2.0645905,9.71196,0.4338684
"8010",2015-06-28 08:39:40.111,-2.0753021,9.747665,0.46124268
"8011",2015-06-28 08:39:40.131,-2.0645905,9.731003,0.42315674
"8012",2015-06-28 08:39:40.151,-2.094345,9.7226715,0.37554932
"8013",2015-06-28 08:39:40.171,-2.0788727,9.734573,0.38150024
"8014",2015-06-28 08:39:40.191,-2.0634003,9.751236,0.43862915
"8015",2015-06-28 08:39:40.210,-2.0157928,9.732193,0.4338684
"8016",2015-06-28 08:39:40.230,-2.0241241,9.720291,0.51361084
"8017",2015-06-28 08:39:40.250,-2.0157928,9.732193,0.4909973
"8018",2015-06-28 08:39:40.270,-2.0336456,9.758377,0.50408936
"8019",2015-06-28 08:39:40.290,-2.068161,9.742905,0.450531
"8020",2015-06-28 08:39:40.311,-2.0753021,9.706009,0.47909546
"8021",2015-06-28 08:39:40.331,-2.0574493,9.720291,0.4755249
"8022",2015-06-28 08:39:40.351,-2.0050812,9.729813,0.51361084
"8023",2015-06-28 08:39:40.371,-2.0372162,9.721481,0.49813843
"8024",2015-06-28 08:39:40.391,-2.0384064,9.692917,0.5100403
"8025",2015-06-28 08:39:40.411,-2.0265045,9.732193,0.5314636
"8026",2015-06-28 08:39:40.430,-2.0265045,9.752426,0.51123047
"8027",2015-06-28 08:39:40.450,-2.0241241,9.764328,0.48861694
"8028",2015-06-28 08:39:40.470,-2.0324554,9.764328,0.5183716
"8029",2015-06-28 08:39:40.490,-2.0324554,9.764328,0.5409851
"8030",2015-06-28 08:39:40.510,-2.0050812,9.77861,0.55288696
"8031",2015-06-28 08:39:40.530,-2.0122223,9.780991,0.5171814
"8032",2015-06-28 08:39:40.551,-2.003891,9.744095,0.43862915
"8033",2015-06-28 08:39:40.571,-2.0122223,9.77861,0.4433899
"8034",2015-06-28 08:39:40.591,-2.0146027,9.757187,0.5326538
"8035",2015-06-28 08:39:40.611,-1.9800873,9.731003,0.5397949
"8036",2015-06-28 08:39:40.631,-2.0003204,9.707199,0.5397949
"8037",2015-06-28 08:39:40.651,-2.0253143,9.721481,0.43148804
"8038",2015-06-28 08:39:40.671,-2.049118,9.725052,0.48266602
"8039",2015-06-28 08:39:40.690,-2.0443573,9.739334,0.45410156
"8040",2015-06-28 08:39:40.710,-2.0443573,9.71315,0.48028564
"8041",2015-06-28 08:39:40.730,-2.0538788,9.728622,0.48147583
"8042",2015-06-28 08:39:40.750,-2.0729218,9.7417145,0.47433472
"8043",2015-06-28 08:39:40.770,-2.0574493,9.752426,0.5183716
"8044",2015-06-28 08:39:40.790,-2.0407867,9.745285,0.5064697
"8045",2015-06-28 08:39:40.811,-2.06102,9.717911,0.4909973
"8046",2015-06-28 08:39:40.868,-2.1169586,9.746475,0.45529175
"8047",2015-06-28 08:39:40.888,-2.106247,9.769089,0.38150024
"8048",2015-06-28 08:39:40.907,-2.055069,9.747665,0.44934082
"8049",2015-06-28 08:39:40.927,-2.0705414,9.745285,0.5076599
"8050",2015-06-28 08:39:40.947,-2.0883942,9.750046,0.51956177
"8051",2015-06-28 08:39:40.967,-2.074112,9.71434,0.48266602
"8052",2015-06-28 08:39:40.989,-2.0895844,9.736954,0.42910767
"8053",2015-06-28 08:39:41.009,-2.1360016,9.732193,0.37435913
"8054",2015-06-28 08:39:41.029,-2.106247,9.736954,0.36245728
"8055",2015-06-28 08:39:41.049,-2.0598297,9.746475,0.38269043
"8056",2015-06-28 08:39:41.069,-2.093155,9.732193,0.335083
"8057",2015-06-28 08:39:41.088,-2.1038666,9.738144,0.35650635
"8058",2015-06-28 08:39:41.108,-2.132431,9.707199,0.37197876
"8059",2015-06-28 08:39:41.130,-2.1026764,9.725052,0.4088745
"8060",2015-06-28 08:39:41.150,-2.0705414,9.738144,0.4433899
"8061",2015-06-28 08:39:41.170,-2.074112,9.782181,0.46124268
"8062",2015-06-28 08:39:41.190,-2.0991058,9.7548065,0.41482544
"8063",2015-06-28 08:39:41.210,-2.1598053,9.708389,0.38983154
"8064",2015-06-28 08:39:41.230,-2.157425,9.679825,0.36483765
"8065",2015-06-28 08:39:41.250,-2.158615,9.719101,0.4088745
"8066",2015-06-28 08:39:41.269,-2.0979156,9.729813,0.44458008
"8067",2015-06-28 08:39:41.289,-2.0562592,9.723862,0.4588623
"8068",2015-06-28 08:39:41.309,-2.0455475,9.709579,0.43862915
"8069",2015-06-28 08:39:41.331,-2.0836334,9.721481,0.47195435
"8070",2015-06-28 08:39:41.351,-2.113388,9.735764,0.42910767
"8071",2015-06-28 08:39:41.371,-2.1479034,9.744095,0.39935303
"8072",2015-06-28 08:39:41.391,-2.151474,9.748856,0.38388062
"8073",2015-06-28 08:39:41.411,-2.1240997,9.729813,0.42196655
"8074",2015-06-28 08:39:41.430,-2.1086273,9.717911,0.3945923
"8075",2015-06-28 08:39:41.450,-2.1490936,9.733383,0.41125488
"8076",2015-06-28 08:39:41.470,-2.1431427,9.7417145,0.37911987
"8077",2015-06-28 08:39:41.490,-2.1407623,9.7417145,0.38864136
"8078",2015-06-28 08:39:41.510,-2.1348114,9.753616,0.39102173
"8079",2015-06-28 08:39:41.532,-2.145523,9.725052,0.43624878
"8080",2015-06-28 08:39:41.552,-2.1621857,9.742905,0.43148804
"8081",2015-06-28 08:39:41.572,-2.1847992,9.6905365,0.335083
"8082",2015-06-28 08:39:41.592,-2.1943207,9.6905365,0.3279419
"8083",2015-06-28 08:39:41.612,-2.1657562,9.717911,0.35650635
"8084",2015-06-28 08:39:41.632,-2.1336212,9.717911,0.3934021
"8085",2015-06-28 08:39:41.653,-2.1360016,9.688156,0.450531
"8086",2015-06-28 08:39:41.673,-2.1288605,9.682205,0.44815063
"8087",2015-06-28 08:39:41.693,-2.1562347,9.708389,0.37554932
"8088",2015-06-28 08:39:41.713,-2.228836,9.744095,0.3529358
"8089",2015-06-28 08:39:41.733,-2.2169342,9.755997,0.386261
"8090",2015-06-28 08:39:41.753,-2.1728973,9.703629,0.43624878
"8091",2015-06-28 08:39:41.773,-2.1336212,9.706009,0.43981934
"8092",2015-06-28 08:39:41.792,-2.1288605,9.721481,0.46957397
"8093",2015-06-28 08:39:41.813,-2.1609955,9.716721,0.44696045
"8094",2015-06-28 08:39:41.834,-2.1538544,9.725052,0.42077637
"8095",2015-06-28 08:39:41.854,-2.1847992,9.71196,0.41363525
"8096",2015-06-28 08:39:41.874,-2.1395721,9.708389,0.45648193
"8097",2015-06-28 08:39:41.894,-2.1038666,9.700058,0.38864136
"8098",2015-06-28 08:39:41.914,-2.1431427,9.71196,0.42315674
"8099",2015-06-28 08:39:41.934,-2.1609955,9.746475,0.44934082
"8100",2015-06-28 08:39:41.953,-2.1883698,9.733383,0.44696045
"8101",2015-06-28 08:39:41.973,-2.1955109,9.716721,0.38150024
"8102",2015-06-28 08:39:41.993,-2.1621857,9.719101,0.39697266
"8103",2015-06-28 08:39:42.013,-2.132431,9.759567,0.4350586
"8104",2015-06-28 08:39:42.032,-2.093155,9.745285,0.3850708
"8105",2015-06-28 08:39:42.052,-2.0967255,9.731003,0.3612671
"8106",2015-06-28 08:39:42.072,-2.1240997,9.71434,0.39102173
"8107",2015-06-28 08:39:42.092,-2.1169586,9.726242,0.42077637
"8108",2015-06-28 08:39:42.114,-2.093155,9.748856,0.4517212
"8109",2015-06-28 08:39:42.134,-2.0860138,9.728622,0.39697266
"8110",2015-06-28 08:39:42.154,-2.0991058,9.726242,0.3934021
"8111",2015-06-28 08:39:42.174,-2.1205292,9.703629,0.4517212
"8112",2015-06-28 08:39:42.194,-2.158615,9.71077,0.42910767
"8113",2015-06-28 08:39:42.213,-2.1788483,9.731003,0.37911987
"8114",2015-06-28 08:39:42.233,-2.1609955,9.71553,0.38388062
"8115",2015-06-28 08:39:42.253,-2.1360016,9.731003,0.37435913
"8116",2015-06-28 08:39:42.273,-2.1169586,9.719101,0.41244507
"8117",2015-06-28 08:39:42.292,-2.12648,9.6905365,0.44696045
"8118",2015-06-28 08:39:42.312,-2.1609955,9.695297,0.4588623
"8119",2015-06-28 08:39:42.332,-2.2109833,9.71196,0.37316895
"8120",2015-06-28 08:39:42.352,-2.1859894,9.719101,0.4172058
"8121",2015-06-28 08:39:42.372,-2.18956,9.701248,0.4421997
"8122",2015-06-28 08:39:42.392,-2.1824188,9.727432,0.43029785
"8123",2015-06-28 08:39:42.413,-2.170517,9.725052,0.42077637
"8124",2015-06-28 08:39:42.433,-2.1943207,9.720291,0.40411377
"8125",2015-06-28 08:39:42.453,-2.2038422,9.6905365,0.386261
"8126",2015-06-28 08:39:42.473,-2.1717072,9.683395,0.40530396
"8127",2015-06-28 08:39:42.493,-2.1526642,9.708389,0.41363525
"8128",2015-06-28 08:39:42.513,-2.138382,9.734573,0.4088745
"8129",2015-06-28 08:39:42.532,-2.1479034,9.729813,0.42196655
"8130",2015-06-28 08:39:42.552,-2.1859894,9.738144,0.38150024
"8131",2015-06-28 08:39:42.572,-2.1693268,9.746475,0.39578247
"8132",2015-06-28 08:39:42.592,-2.1621857,9.71434,0.35888672
"8133",2015-06-28 08:39:42.612,-2.1110077,9.704819,0.37078857
"8134",2015-06-28 08:39:42.632,-2.12648,9.7226715,0.44458008
"8135",2015-06-28 08:39:42.653,-2.1740875,9.735764,0.3695984
"8136",2015-06-28 08:39:42.673,-2.177658,9.739334,0.3612671
"8137",2015-06-28 08:39:42.693,-2.2145538,9.728622,0.32437134
"8138",2015-06-28 08:39:42.713,-2.1824188,9.71315,0.3267517
"8139",2015-06-28 08:39:42.733,-2.157425,9.703629,0.39816284
"8140",2015-06-28 08:39:42.753,-2.1348114,9.703629,0.40649414
"8141",2015-06-28 08:39:42.773,-2.12648,9.733383,0.40649414
"8142",2015-06-28 08:39:42.792,-2.1240997,9.750046,0.40530396
"8143",2015-06-28 08:39:42.812,-2.1050568,9.757187,0.3945923
"8144",2015-06-28 08:39:42.832,-2.100296,9.732193,0.41482544
"8145",2015-06-28 08:39:42.852,-2.1360016,9.767899,0.3922119
"8146",2015-06-28 08:39:42.872,-2.183609,9.740524,0.36245728
"8147",2015-06-28 08:39:42.892,-2.1728973,9.765518,0.4100647
"8148",2015-06-28 08:39:42.913,-2.1657562,9.750046,0.3612671
"8149",2015-06-28 08:39:42.933,-2.1467133,9.707199,0.3779297
"8150",2015-06-28 08:39:42.953,-2.1479034,9.704819,0.35769653
"8151",2015-06-28 08:39:42.971,-2.1229095,9.728622,0.3529358
"8152",2015-06-28 08:39:42.992,-2.1312408,9.732193,0.40530396
"8153",2015-06-28 08:39:43.012,-2.138382,9.71315,0.38864136
"8154",2015-06-28 08:39:43.032,-2.1871796,9.691727,0.3779297
"8155",2015-06-28 08:39:43.052,-2.1859894,9.748856,0.33984375
"8156",2015-06-28 08:39:43.072,-2.2383575,9.742905,0.29699707
"8157",2015-06-28 08:39:43.092,-2.221695,9.725052,0.31604004
"8158",2015-06-28 08:39:43.112,-2.158615,9.720291,0.37316895
"8159",2015-06-28 08:39:43.132,-2.1479034,9.673874,0.4338684
"8160",2015-06-28 08:39:43.153,-2.1074371,9.677444,0.46957397
"8161",2015-06-28 08:39:43.171,-2.1240997,9.729813,0.42077637
"8162",2015-06-28 08:39:43.191,-2.1907501,9.721481,0.3446045
"8163",2015-06-28 08:39:43.211,-2.2074127,9.725052,0.40768433
"8164",2015-06-28 08:39:43.232,-2.157425,9.71315,0.41958618
"8165",2015-06-28 08:39:43.252,-2.1300507,9.7226715,0.46362305
"8166",2015-06-28 08:39:43.272,-2.1621857,9.71553,0.44934082
"8167",2015-06-28 08:39:43.292,-2.1479034,9.716721,0.42910767
"8168",2015-06-28 08:39:43.312,-2.1360016,9.721481,0.4338684
"8169",2015-06-28 08:39:43.332,-2.12529,9.707199,0.47433472
"8170",2015-06-28 08:39:43.351,-2.1300507,9.717911,0.48980713
"8171",2015-06-28 08:39:43.371,-2.1847992,9.729813,0.40768433
"8172",2015-06-28 08:39:43.391,-2.2002716,9.77623,0.35769653
"8173",2015-06-28 08:39:43.411,-2.2121735,9.744095,0.35412598
"8174",2015-06-28 08:39:43.431,-2.170517,9.707199,0.41601563
"8175",2015-06-28 08:39:43.451,-2.138382,9.691727,0.5088501
"8176",2015-06-28 08:39:43.471,-2.100296,9.716721,0.42315674
"8177",2015-06-28 08:39:43.492,-2.0967255,9.733383,0.38031006
"8178",2015-06-28 08:39:43.512,-2.1479034,9.71196,0.37911987
"8179",2015-06-28 08:39:43.532,-2.157425,9.689346,0.44458008
"8180",2015-06-28 08:39:43.552,-2.1467133,9.701248,0.4338684
"8181",2015-06-28 08:39:43.571,-2.1526642,9.71077,0.3695984
"8182",2015-06-28 08:39:43.592,-2.158615,9.729813,0.38269043
"8183",2015-06-28 08:39:43.611,-2.1490936,9.729813,0.40411377
"8184",2015-06-28 08:39:43.631,-2.1336212,9.721481,0.43267822
"8185",2015-06-28 08:39:43.651,-2.138382,9.732193,0.43029785
"8186",2015-06-28 08:39:43.671,-2.1467133,9.696487,0.4350586
"8187",2015-06-28 08:39:43.691,-2.176468,9.745285,0.45648193
"8188",2015-06-28 08:39:43.711,-2.1669464,9.747665,0.43148804
"8189",2015-06-28 08:39:43.732,-2.1693268,9.71553,0.4088745
"8190",2015-06-28 08:39:43.752,-2.1300507,9.721481,0.43267822
"8191",2015-06-28 08:39:43.770,-2.1490936,9.736954,0.38150024
"8192",2015-06-28 08:39:43.790,-2.138382,9.721481,0.43981934
"8193",2015-06-28 08:39:43.811,-2.145523,9.7226715,0.43148804
"8194",2015-06-28 08:39:43.831,-2.1312408,9.740524,0.3945923
"8195",2015-06-28 08:39:43.851,-2.132431,9.748856,0.38150024
"8196",2015-06-28 08:39:43.871,-2.145523,9.725052,0.38864136
"8197",2015-06-28 08:39:43.891,-2.1229095,9.717911,0.3934021
"8198",2015-06-28 08:39:43.911,-2.1205292,9.7226715,0.36602783
"8199",2015-06-28 08:39:43.930,-2.144333,9.742905,0.37316895
"8200",2015-06-28 08:39:43.950,-2.1728973,9.738144,0.36483765
"8201",2015-06-28 08:39:43.970,-2.1717072,9.745285,0.34936523
"8202",2015-06-28 08:39:43.990,-2.1431427,9.723862,0.3850708
"8203",2015-06-28 08:39:44.010,-2.138382,9.702438,0.41363525
"8204",2015-06-28 08:39:44.030,-2.1229095,9.71553,0.42434692
"8205",2015-06-28 08:39:44.051,-2.157425,9.706009,0.40768433
"8206",2015-06-28 08:39:44.071,-2.1740875,9.7226715,0.38983154
"8207",2015-06-28 08:39:44.091,-2.1859894,9.7226715,0.3695984
"8208",2015-06-28 08:39:44.111,-2.2181244,9.7548065,0.34222412
"8209",2015-06-28 08:39:44.131,-2.2264557,9.733383,0.335083
"8210",2015-06-28 08:39:44.151,-2.1824188,9.700058,0.3517456
"8211",2015-06-28 08:39:44.171,-2.1538544,9.739334,0.4350586
"8212",2015-06-28 08:39:44.190,-2.1955109,9.695297,0.41601563
"8213",2015-06-28 08:39:44.210,-2.2014618,9.71434,0.36483765
"8214",2015-06-28 08:39:44.230,-2.2181244,9.688156,0.34103394
"8215",2015-06-28 08:39:44.250,-2.2335968,9.700058,0.3434143
"8216",2015-06-28 08:39:44.270,-2.2205048,9.709579,0.418396
"8217",2015-06-28 08:39:44.290,-2.1621857,9.726242,0.46957397
"8218",2015-06-28 08:39:44.311,-2.1419525,9.725052,0.48266602
"8219",2015-06-28 08:39:44.331,-2.1086273,9.704819,0.5100403
"8220",2015-06-28 08:39:44.351,-2.1419525,9.696487,0.46957397
"8221",2015-06-28 08:39:44.371,-2.1550446,9.745285,0.43029785
"8222",2015-06-28 08:39:44.391,-2.1371918,9.800034,0.35055542
"8223",2015-06-28 08:39:44.411,-2.1633759,9.784561,0.3184204
"8224",2015-06-28 08:39:44.430,-2.1657562,9.729813,0.37435913
"8225",2015-06-28 08:39:44.450,-2.1419525,9.691727,0.44577026
"8226",2015-06-28 08:39:44.470,-2.1526642,9.725052,0.4267273
"8227",2015-06-28 08:39:44.490,-2.1728973,9.733383,0.37435913
"8228",2015-06-28 08:39:44.510,-2.1907501,9.684586,0.34579468
"8229",2015-06-28 08:39:44.530,-2.2454987,9.681015,0.335083
"8230",2015-06-28 08:39:44.551,-2.2514496,9.6905365,0.31365967
"8231",2015-06-28 08:39:44.571,-2.2454987,9.727432,0.3684082
"8232",2015-06-28 08:39:44.591,-2.1943207,9.689346,0.4088745
"8233",2015-06-28 08:39:44.611,-2.1562347,9.696487,0.41244507
"8234",2015-06-28 08:39:44.631,-2.145523,9.71553,0.38864136
"8235",2015-06-28 08:39:44.651,-2.1562347,9.733383,0.3779297
"8236",2015-06-28 08:39:44.671,-2.157425,9.747665,0.3922119
"8237",2015-06-28 08:39:44.690,-2.177658,9.758377,0.42791748
"8238",2015-06-28 08:39:44.710,-2.202652,9.735764,0.43981934
"8239",2015-06-28 08:39:44.730,-2.1609955,9.7417145,0.3779297
"8240",2015-06-28 08:39:44.750,-2.1621857,9.731003,0.4088745
"8241",2015-06-28 08:39:44.770,-2.1502838,9.735764,0.42196655
"8242",2015-06-28 08:39:44.790,-2.1538544,9.7226715,0.4755249
"8243",2015-06-28 08:39:44.811,-2.1752777,9.691727,0.46957397
"8244",2015-06-28 08:39:44.831,-2.1824188,9.695297,0.42434692
"8245",2015-06-28 08:39:44.851,-2.1657562,9.708389,0.39578247
"8246",2015-06-28 08:39:44.871,-2.1312408,9.747665,0.40530396
"8247",2015-06-28 08:39:44.891,-2.1371918,9.747665,0.34698486
"8248",2015-06-28 08:39:44.911,-2.202652,9.727432,0.386261
"8249",2015-06-28 08:39:44.930,-2.1562347,9.661972,0.45648193
"8250",2015-06-28 08:39:44.950,-2.1217194,9.701248,0.45767212
"8251",2015-06-28 08:39:44.970,-2.0776825,9.740524,0.52194214
"8252",2015-06-28 08:39:44.990,-2.0824432,9.71077,0.43743896
"8253",2015-06-28 08:39:45.009,-2.1074371,9.703629,0.35888672
"8254",2015-06-28 08:39:45.029,-2.1276703,9.758377,0.3684082
"8255",2015-06-28 08:39:45.049,-2.1229095,9.740524,0.4588623
"8256",2015-06-28 08:39:45.071,-2.1229095,9.698868,0.4838562
"8257",2015-06-28 08:39:45.091,-2.1300507,9.65007,0.45410156
"8258",2015-06-28 08:39:45.111,-2.144333,9.672684,0.45648193
"8259",2015-06-28 08:39:45.131,-2.1907501,9.739334,0.4267273
"8260",2015-06-28 08:39:45.151,-2.1490936,9.734573,0.3922119
"8261",2015-06-28 08:39:45.170,-2.1145782,9.751236,0.44696045
"8262",2015-06-28 08:39:45.190,-2.0764923,9.725052,0.44458008
"8263",2015-06-28 08:39:45.210,-2.0788727,9.727432,0.48861694
"8264",2015-06-28 08:39:45.230,-2.0645905,9.747665,0.4267273
"8265",2015-06-28 08:39:45.250,-2.0860138,9.770279,0.41958618
"8266",2015-06-28 08:39:45.269,-2.1169586,9.7798,0.39935303
"8267",2015-06-28 08:39:45.289,-2.1121979,9.751236,0.38150024
"8268",2015-06-28 08:39:45.309,-2.0848236,9.716721,0.42077637
"8269",2015-06-28 08:39:45.329,-2.0788727,9.683395,0.45529175
"8270",2015-06-28 08:39:45.349,-2.1014862,9.697678,0.41363525
"8271",2015-06-28 08:39:45.369,-2.1360016,9.71196,0.36245728
"8272",2015-06-28 08:39:45.390,-2.1348114,9.735764,0.36245728
"8273",2015-06-28 08:39:45.410,-2.157425,9.717911,0.36483765
"8274",2015-06-28 08:39:45.430,-2.1288605,9.7226715,0.3529358
"8275",2015-06-28 08:39:45.450,-2.1407623,9.748856,0.3767395
"8276",2015-06-28 08:39:45.470,-2.1621857,9.736954,0.40292358
"8277",2015-06-28 08:39:45.490,-2.1407623,9.7417145,0.35055542
"8278",2015-06-28 08:39:45.509,-2.1371918,9.71553,0.3529358
"8279",2015-06-28 08:39:45.529,-2.1157684,9.7417145,0.37435913
"8280",2015-06-28 08:39:45.549,-2.1014862,9.744095,0.39935303
"8281",2015-06-28 08:39:45.569,-2.0895844,9.740524,0.39697266
"8282",2015-06-28 08:39:45.589,-2.0824432,9.725052,0.38745117
"8283",2015-06-28 08:39:45.609,-2.1240997,9.731003,0.3517456
"8284",2015-06-28 08:39:45.630,-2.1598053,9.71434,0.28866577
"8285",2015-06-28 08:39:45.650,-2.1550446,9.732193,0.36364746
"8286",2015-06-28 08:39:45.670,-2.1348114,9.726242,0.42791748
"8287",2015-06-28 08:39:45.690,-2.1050568,9.71196,0.42910767
"8288",2015-06-28 08:39:45.710,-2.0693512,9.708389,0.41482544
"8289",2015-06-28 08:39:45.730,-2.0860138,9.739334,0.335083
"8290",2015-06-28 08:39:45.750,-2.1336212,9.736954,0.30889893
"8291",2015-06-28 08:39:45.769,-2.145523,9.770279,0.32556152
"8292",2015-06-28 08:39:45.789,-2.1300507,9.745285,0.38745117
"8293",2015-06-28 08:39:45.809,-2.1026764,9.745285,0.36364746
"8294",2015-06-28 08:39:45.828,-2.1121979,9.71315,0.386261
"8295",2015-06-28 08:39:45.848,-2.1419525,9.727432,0.34579468
"8296",2015-06-28 08:39:45.868,-2.1479034,9.7798,0.29223633
"8297",2015-06-28 08:39:45.888,-2.132431,9.780991,0.3362732
"8298",2015-06-28 08:39:45.908,-2.1181488,9.71315,0.3684082
"8299",2015-06-28 08:39:45.928,-2.113388,9.703629,0.34817505
"8300",2015-06-28 08:39:45.948,-2.12648,9.729813,0.38031006
"8301",2015-06-28 08:39:45.969,-2.1526642,9.745285,0.38269043
"8302",2015-06-28 08:39:45.989,-2.1336212,9.725052,0.34698486
"8303",2015-06-28 08:39:46.009,-2.113388,9.727432,0.34698486
"8304",2015-06-28 08:39:46.029,-2.1086273,9.697678,0.3922119
"8305",2015-06-28 08:39:46.049,-2.1098175,9.688156,0.47195435
"8306",2015-06-28 08:39:46.069,-2.1431427,9.700058,0.44815063
"8307",2015-06-28 08:39:46.088,-2.1562347,9.721481,0.37316895
"8308",2015-06-28 08:39:46.108,-2.157425,9.740524,0.3850708
"8309",2015-06-28 08:39:46.128,-2.1348114,9.760757,0.42791748
"8310",2015-06-28 08:39:46.148,-2.1121979,9.745285,0.44100952
"8311",2015-06-28 08:39:46.168,-2.0848236,9.727432,0.49575806
"8312",2015-06-28 08:39:46.188,-2.1157684,9.703629,0.46957397
"8313",2015-06-28 08:39:46.209,-2.1348114,9.708389,0.43267822
"8314",2015-06-28 08:39:46.229,-2.1336212,9.746475,0.43981934
"8315",2015-06-28 08:39:46.249,-2.1502838,9.735764,0.41482544
"8316",2015-06-28 08:39:46.269,-2.1728973,9.71315,0.42315674
"8317",2015-06-28 08:39:46.289,-2.1479034,9.720291,0.42077637
"8318",2015-06-28 08:39:46.309,-2.157425,9.731003,0.43148804
"8319",2015-06-28 08:39:46.328,-2.1336212,9.742905,0.386261
"8320",2015-06-28 08:39:46.348,-2.1217194,9.7417145,0.38269043
"8321",2015-06-28 08:39:46.368,-2.1240997,9.717911,0.39816284
"8322",2015-06-28 08:39:46.388,-2.1276703,9.71315,0.42910767
"8323",2015-06-28 08:39:46.407,-2.1110077,9.686966,0.43029785
"8324",2015-06-28 08:39:46.427,-2.144333,9.704819,0.4005432
"8325",2015-06-28 08:39:46.447,-2.1419525,9.736954,0.38864136
"8326",2015-06-28 08:39:46.467,-2.1229095,9.71077,0.4172058
"8327",2015-06-28 08:39:46.487,-2.0967255,9.71077,0.46957397
"8328",2015-06-28 08:39:46.507,-2.0955353,9.733383,0.4933777
"8329",2015-06-28 08:39:46.529,-2.0955353,9.719101,0.43624878
"8330",2015-06-28 08:39:46.549,-2.164566,9.736954,0.32318115
"8331",2015-06-28 08:39:46.568,-2.1681366,9.727432,0.3922119
"8332",2015-06-28 08:39:46.588,-2.1598053,9.732193,0.4338684
"8333",2015-06-28 08:39:46.608,-2.12529,9.746475,0.4421997
"8334",2015-06-28 08:39:46.628,-2.0860138,9.746475,0.42791748
"8335",2015-06-28 08:39:46.648,-2.1038666,9.723862,0.38388062
"8336",2015-06-28 08:39:46.667,-2.1240997,9.734573,0.39578247
"8337",2015-06-28 08:39:46.687,-2.1360016,9.709579,0.4088745
"8338",2015-06-28 08:39:46.707,-2.1098175,9.763138,0.3934021
"8339",2015-06-28 08:39:46.727,-2.1348114,9.759567,0.35888672
"8340",2015-06-28 08:39:46.747,-2.1609955,9.745285,0.28985596
"8341",2015-06-28 08:39:46.767,-2.1598053,9.748856,0.3100891
"8342",2015-06-28 08:39:46.788,-2.1169586,9.770279,0.3922119
"8343",2015-06-28 08:39:46.808,-2.0645905,9.707199,0.4671936
"8344",2015-06-28 08:39:46.828,-2.0669708,9.708389,0.48147583
"8345",2015-06-28 08:39:46.848,-2.1014862,9.716721,0.45529175
"8346",2015-06-28 08:39:46.868,-2.1026764,9.726242,0.39578247
"8347",2015-06-28 08:39:46.888,-2.1407623,9.745285,0.36245728
"8348",2015-06-28 08:39:46.907,-2.18956,9.733383,0.3779297
"8349",2015-06-28 08:39:46.927,-2.164566,9.719101,0.40768433
"8350",2015-06-28 08:39:46.947,-2.1693268,9.716721,0.38983154
"8351",2015-06-28 08:39:46.967,-2.1538544,9.71553,0.44934082
"8352",2015-06-28 08:39:46.987,-2.1181488,9.695297,0.4933777
"8353",2015-06-28 08:39:47.007,-2.0979156,9.716721,0.48028564
"8354",2015-06-28 08:39:47.028,-2.1181488,9.71434,0.43267822
"8355",2015-06-28 08:39:47.048,-2.1205292,9.727432,0.42196655
"8356",2015-06-28 08:39:47.068,-2.1157684,9.723862,0.44815063
"8357",2015-06-28 08:39:47.088,-2.138382,9.740524,0.38388062
"8358",2015-06-28 08:39:47.108,-2.1562347,9.755997,0.42434692
"8359",2015-06-28 08:39:47.128,-2.1169586,9.788132,0.386261
"8360",2015-06-28 08:39:47.148,-2.1550446,9.7417145,0.335083
"8361",2015-06-28 08:39:47.167,-2.1550446,9.708389,0.41125488
"8362",2015-06-28 08:39:47.187,-2.1669464,9.71315,0.44815063
"8363",2015-06-28 08:39:47.207,-2.1300507,9.723862,0.41363525
"8364",2015-06-28 08:39:47.227,-2.1086273,9.742905,0.36602783
"8365",2015-06-28 08:39:47.246,-2.0907745,9.755997,0.38150024
"8366",2015-06-28 08:39:47.266,-2.113388,9.729813,0.3945923
"8367",2015-06-28 08:39:47.286,-2.1145782,9.6905365,0.41244507
"8368",2015-06-28 08:39:47.306,-2.094345,9.679825,0.4421997
"8369",2015-06-28 08:39:47.326,-2.0979156,9.702438,0.48266602
"8370",2015-06-28 08:39:47.346,-2.113388,9.733383,0.46957397
"8371",2015-06-28 08:39:47.367,-2.055069,9.780991,0.43743896
"8372",2015-06-28 08:39:47.387,-2.0598297,9.761948,0.3767395
"8373",2015-06-28 08:39:47.407,-2.1157684,9.765518,0.48980713
"8374",2015-06-28 08:39:47.427,-2.0955353,9.788132,0.45767212
"8375",2015-06-28 08:39:47.447,-2.1550446,9.77742,0.2946167
"8376",2015-06-28 08:39:47.467,-2.2038422,9.77623,0.2541504
"8377",2015-06-28 08:39:47.486,-2.1824188,9.684586,0.2208252
"8378",2015-06-28 08:39:47.506,-2.1026764,9.681015,0.26605225
"8379",2015-06-28 08:39:47.526,-2.0217438,9.739334,0.3446045
"8380",2015-06-28 08:39:47.546,-1.9967499,9.767899,0.47195435
"8381",2015-06-28 08:39:47.566,-1.9812775,9.742905,0.4671936
"8382",2015-06-28 08:39:47.586,-1.9705658,9.736954,0.3446045
"8383",2015-06-28 08:39:47.607,-1.9896088,9.786942,0.3184204
"8384",2015-06-28 08:39:47.627,-2.0479279,9.790512,0.3196106
"8385",2015-06-28 08:39:47.647,-2.0157928,9.801224,0.28866577
"8386",2015-06-28 08:39:47.667,-2.0384064,9.692917,0.30651855
"8387",2015-06-28 08:39:47.687,-1.952713,9.782181,0.3446045
"8388",2015-06-28 08:39:47.707,-1.9181976,9.900009,0.38983154
"8389",2015-06-28 08:39:47.726,-1.9360504,9.876205,0.29818726
"8390",2015-06-28 08:39:47.746,-2.0336456,9.729813,0.2612915
"8391",2015-06-28 08:39:47.766,-1.9550934,9.764328,0.2779541
"8392",2015-06-28 08:39:47.786,-1.9610443,9.732193,0.3112793
"8393",2015-06-28 08:39:47.806,-1.9753265,9.669113,0.23153687
"8394",2015-06-28 08:39:47.826,-1.8194122,9.827408,0.21368408
"8395",2015-06-28 08:39:47.846,-1.606369,9.919052,-0.02911377
"8396",2015-06-28 08:39:47.867,-1.7837067,9.901199,-0.19454956
"8397",2015-06-28 08:39:47.887,-1.8789215,9.822647,-0.16360474
"8398",2015-06-28 08:39:47.907,-1.7670441,9.797653,-0.032684326
"8399",2015-06-28 08:39:47.927,-1.7015839,9.836929,0.006591797
"8400",2015-06-28 08:39:47.947,-1.8063202,9.869064,0.11489868
"8401",2015-06-28 08:39:47.967,-1.9681854,9.84288,0.17678833
"8402",2015-06-28 08:39:47.986,-1.9836578,9.854782,0.14227295
"8403",2015-06-28 08:39:48.006,-2.0526886,9.900009,0.2541504
"8404",2015-06-28 08:39:48.026,-2.028885,9.8059845,0.48742676
"8405",2015-06-28 08:39:48.046,-1.9253387,9.739334,0.5909729
"8406",2015-06-28 08:39:48.066,-1.8455963,9.720291,0.60406494
"8407",2015-06-28 08:39:48.086,-1.8705902,9.758377,0.61953735
"8408",2015-06-28 08:39:48.107,-1.8967743,9.780991,0.5600281
"8409",2015-06-28 08:39:48.127,-1.9741364,9.742905,0.47195435
"8410",2015-06-28 08:39:48.147,-1.818222,9.829788,0.4683838
"8411",2015-06-28 08:39:48.167,-1.6718292,9.853592,0.44458008
"8412",2015-06-28 08:39:48.187,-1.7563324,9.701248,0.41244507
"8413",2015-06-28 08:39:48.207,-1.772995,9.685776,0.57073975
"8414",2015-06-28 08:39:48.226,-1.7372894,9.657211,0.5326538
"8415",2015-06-28 08:39:48.246,-1.8455963,9.636978,0.39697266
"8416",2015-06-28 08:39:48.266,-1.7682343,9.731003,0.36721802
"8417",2015-06-28 08:39:48.286,-1.6504059,9.760757,0.22320557
"8418",2015-06-28 08:39:48.305,-1.5706635,9.729813,0.20178223
"8419",2015-06-28 08:39:48.325,-1.4207001,9.701248,0.16964722
"8420",2015-06-28 08:39:48.345,-1.3861847,9.6465,0.12680054
"8421",2015-06-28 08:39:48.365,-1.3421478,9.696487,0.0637207
"8422",2015-06-28 08:39:48.385,-1.2314606,9.77504,-0.13861084
"8423",2015-06-28 08:39:48.405,-1.2171783,9.796463,-0.28857422
"8424",2015-06-28 08:39:48.426,-1.3957062,9.8059845,-0.21835327
"8425",2015-06-28 08:39:48.446,-1.4504547,9.84288,-0.20050049
"8426",2015-06-28 08:39:48.467,-1.4326019,9.765518,-0.4468689
"8427",2015-06-28 08:39:48.486,-1.4433136,9.758377,-0.51708984
"8428",2015-06-28 08:39:48.506,-1.3968964,9.911911,-0.4706726
"8429",2015-06-28 08:39:48.526,-1.4302216,9.913101,-0.5301819
"8430",2015-06-28 08:39:48.546,-1.4337921,9.83931,-0.58969116
"8431",2015-06-28 08:39:48.565,-1.2838287,9.738144,-0.5135193
"8432",2015-06-28 08:39:48.585,-1.112442,9.707199,-0.5218506
"8433",2015-06-28 08:39:48.605,-1.2064667,9.645309,-0.5635071
"8434",2015-06-28 08:39:48.625,-1.509964,9.6465,-0.6051636
"8435",2015-06-28 08:39:48.645,-1.4421234,9.666733,-0.6289673
"8436",2015-06-28 08:39:48.665,-1.8896332,9.642929,-0.50875854
"8437",2015-06-28 08:39:48.686,-2.228836,9.747665,0.33270264
"8438",2015-06-28 08:39:48.706,-2.170517,9.723862,0.6742859
"8439",2015-06-28 08:39:48.726,-1.9181976,9.876205,0.26010132
"8440",2015-06-28 08:39:48.746,-2.183609,10.259445,0.34103394
"8441",2015-06-28 08:39:48.766,-2.2978668,10.904526,0.35055542
"8442",2015-06-28 08:39:48.786,-2.4383087,10.667679,-0.17907715
"8443",2015-06-28 08:39:48.805,-2.7168121,10.001175,-0.8681946
"8444",2015-06-28 08:39:48.825,-2.8048859,9.526291,-0.60754395
"8445",2015-06-28 08:39:48.845,-2.5454254,9.803604,0.28152466
"8446",2015-06-28 08:39:48.865,-2.12648,10.233261,0.585022
"8447",2015-06-28 08:39:48.885,-2.106247,10.209457,0.07324219
"8448",2015-06-28 08:39:48.905,-2.0241241,9.892868,-0.23620605
"8449",2015-06-28 08:39:48.926,-1.1671906,9.880966,-0.49328613
"8450",2015-06-28 08:39:48.946,-0.97795105,9.426315,-0.768219
"8451",2015-06-28 08:39:48.966,-0.9636688,8.974045,-0.6932373
"8452",2015-06-28 08:39:48.986,-1.5385284,8.212326,-0.36950684
"8453",2015-06-28 08:39:49.006,-2.0848236,8.68721,0.04586792
"8454",2015-06-28 08:39:49.026,-2.100296,9.001419,-0.24334717
"8455",2015-06-28 08:39:49.046,-1.888443,9.288254,-1.3656921
"8456",2015-06-28 08:39:49.065,-1.9217682,9.487015,-2.4797058
"8457",2015-06-28 08:39:49.085,-1.67659,9.537003,-2.6808472
"8458",2015-06-28 08:39:49.105,-1.5266266,9.703629,-1.871521
"8459",2015-06-28 08:39:49.125,-2.5251923,9.272781,-1.2050171
"8460",2015-06-28 08:39:49.145,-2.087204,9.237076,-1.1990662
"8461",2015-06-28 08:39:49.165,-1.657547,9.259689,-1.5989685
"8462",2015-06-28 08:39:49.186,-1.7206268,9.321579,-1.9560242
"8463",2015-06-28 08:39:49.206,-1.8574982,9.400131,-1.8548584
"8464",2015-06-28 08:39:49.226,-1.9027252,9.96666,-1.775116
"8465",2015-06-28 08:39:49.244,-2.3871307,10.277298,-1.9310303
"8466",2015-06-28 08:39:49.265,-2.1883698,10.649826,-2.4416199
"8467",2015-06-28 08:39:49.285,-2.2788239,10.746231,-2.6582336
"8468",2015-06-28 08:39:49.305,-1.6230316,10.80098,-2.948639
"8469",2015-06-28 08:39:49.325,-1.4302216,10.878342,-2.3511658
"8470",2015-06-28 08:39:49.345,-0.64112854,11.995926,0.3100891
"8471",2015-06-28 08:39:49.365,0.715683,14.4500885,2.5333557
"8472",2015-06-28 08:39:49.384,1.9415741,14.646469,-0.7265625
"8473",2015-06-28 08:39:49.404,-0.21266174,11.369888,-2.1964417
"8474",2015-06-28 08:39:49.424,-0.49235535,8.6884,-0.17550659
"8475",2015-06-28 08:39:49.446,-0.720871,7.744583,2.0894165
"8476",2015-06-28 08:39:49.466,-0.9910431,9.303726,3.208191
"8477",2015-06-28 08:39:49.484,-0.84703064,11.474625,2.6999817
"8478",2015-06-28 08:39:49.505,-0.9672394,11.738846,0.12680054
"8479",2015-06-28 08:39:49.525,-0.9827118,10.185654,-1.8322449
"8480",2015-06-28 08:39:49.545,-1.2219391,8.868118,-0.5385132
"8481",2015-06-28 08:39:49.565,-1.1386261,8.370621,2.6535645
"8482",2015-06-28 08:39:49.585,0.81684875,8.42894,3.8068542
"8483",2015-06-28 08:39:49.605,0.21937561,8.6193695,1.9942017
"8484",2015-06-28 08:39:49.625,-1.509964,8.701492,0.533844
"8485",2015-06-28 08:39:49.644,-3.3297577,8.800278,-0.06124878
"8486",2015-06-28 08:39:49.664,-3.2714386,8.102829,-0.9086609
"8487",2015-06-28 08:39:49.684,-3.1548004,8.400375,-0.38378906
"8488",2015-06-28 08:39:49.704,-1.2017059,8.74791,1.6669006
"8489",2015-06-28 08:39:49.724,-0.85536194,8.807419,0.9849243
"8490",2015-06-28 08:39:49.744,-1.3790436,8.775284,-0.5932617
"8491",2015-06-28 08:39:49.765,-1.8146515,9.1323395,-1.5834961
"8492",2015-06-28 08:39:49.785,-1.9122467,9.388229,-2.140503
"8493",2015-06-28 08:39:49.805,-1.3933258,9.601273,-1.9572144
"8494",2015-06-28 08:39:49.825,-0.92915344,9.495346,-1.4692383
"8495",2015-06-28 08:39:49.845,-0.8922577,9.152573,-1.2704773
"8496",2015-06-28 08:39:49.865,-0.6197052,9.241837,-0.74798584
"8497",2015-06-28 08:39:49.884,-0.5280609,10.060684,-0.49447632
"8498",2015-06-28 08:39:49.904,-0.9589081,9.5108185,-0.5266113
"8499",2015-06-28 08:39:49.924,-1.3373871,9.858353,-0.22787476
"8500",2015-06-28 08:39:49.944,-0.8898773,10.990219,-0.47424316
"8501",2015-06-28 08:39:49.964,-0.9493866,11.604355,-1.9238892
"8502",2015-06-28 08:39:49.984,-2.055069,11.474625,-2.4332886
"8503",2015-06-28 08:39:50.005,-4.6246796,11.593643,-1.0729065
"8504",2015-06-28 08:39:50.025,-7.2668915,11.728134,0.302948
"8505",2015-06-28 08:39:50.045,-6.1064606,10.241592,1.9894409
"8506",2015-06-28 08:39:50.065,-4.966263,8.75148,2.7428284
"8507",2015-06-28 08:39:50.085,-5.218582,8.703873,1.8835144
"8508",2015-06-28 08:39:50.105,-2.645401,9.736954,2.0120544
"8509",2015-06-28 08:39:50.125,0.8620758,11.901901,1.8954163
"8510",2015-06-28 08:39:50.144,1.9748993,13.30513,-0.13146973
"8511",2015-06-28 08:39:50.164,0.33958435,12.551743,-2.8641357
"8512",2015-06-28 08:39:50.184,-1.6587372,10.371323,-2.455902
"8513",2015-06-28 08:39:50.203,-3.1155243,8.013565,1.5502625
"8514",2015-06-28 08:39:50.223,-3.8046417,7.005478,4.4495544
"8515",2015-06-28 08:39:50.243,-4.089096,6.928116,4.6495056
"8516",2015-06-28 08:39:50.263,-3.8415375,7.66127,2.7059326
"8517",2015-06-28 08:39:50.283,-3.0869598,8.900253,0.16488647
"8518",2015-06-28 08:39:50.303,-1.9312897,9.632217,-2.2071533
"8519",2015-06-28 08:39:50.323,-0.2245636,9.513199,-3.1176453
"8520",2015-06-28 08:39:50.344,-0.13291931,8.591995,-1.621582
"8521",2015-06-28 08:39:50.364,-0.86964417,8.050461,0.8361511
"8522",2015-06-28 08:39:50.384,-1.7146759,8.452744,0.82543945
"8523",2015-06-28 08:39:50.404,-2.2942963,9.152573,-0.73965454
"8524",2015-06-28 08:39:50.424,-2.176468,9.816696,-2.1393127
"8525",2015-06-28 08:39:50.444,-2.2681122,9.759567,-2.526123
"8526",2015-06-28 08:39:50.463,-1.426651,9.625076,-2.4273376
"8527",2015-06-28 08:39:50.483,-0.95414734,9.32991,-2.390442
"8528",2015-06-28 08:39:50.503,-1.0779266,8.314682,-1.9191284
"8529",2015-06-28 08:39:50.523,-0.4304657,8.658646,-1.0360107
"8530",2015-06-28 08:39:50.543,-0.105545044,9.669113,-0.4790039
"8531",2015-06-28 08:39:50.563,-0.5280609,10.016647,-0.94436646
"8532",2015-06-28 08:39:50.584,-1.362381,10.925949,-1.5918274
"8533",2015-06-28 08:39:50.604,-1.9122467,10.230881,-1.2585754
"8534",2015-06-28 08:39:50.624,0.36219788,11.840012,0.85995483
"8535",2015-06-28 08:39:50.644,3.0651093,15.272507,3.5795288
"8536",2015-06-28 08:39:50.664,3.0460663,13.470566,2.8785095
"8537",2015-06-28 08:39:50.684,0.8858795,10.386795,-0.9241333
"8538",2015-06-28 08:39:50.703,-1.2885895,10.142807,-2.0750427
"8539",2015-06-28 08:39:50.723,-3.5463715,12.994492,0.880188
"8540",2015-06-28 08:39:50.743,-3.8522491,13.590775,1.6966553
"8541",2015-06-28 08:39:50.763,-2.4966278,11.166367,-0.58255005
"8542",2015-06-28 08:39:50.782,-1.875351,9.240646,-0.6194458
"8543",2015-06-28 08:39:50.802,-0.28050232,8.138535,1.4955139
"8544",2015-06-28 08:39:50.822,1.2310333,7.993332,2.933258
"8545",2015-06-28 08:39:50.844,1.0536957,7.9195404,2.5881042
"8546",2015-06-28 08:39:50.862,-0.32572937,8.290878,1.1836853
"8547",2015-06-28 08:39:50.882,-1.6027985,8.350388,-0.4623413
"8548",2015-06-28 08:39:50.904,-2.9239044,8.250412,-1.1133728
"8549",2015-06-28 08:39:50.924,-3.6475372,8.29921,-0.8253479
"8550",2015-06-28 08:39:50.944,-2.2871552,8.295639,-1.2883301
"8551",2015-06-28 08:39:50.963,-2.2109833,8.054031,-1.5930176
"8552",2015-06-28 08:39:50.983,-1.6182709,8.765762,-0.768219
"8553",2015-06-28 08:39:51.003,-1.7944183,9.082352,-0.8670044
"8554",2015-06-28 08:39:51.023,-1.7801361,9.558426,-1.6251526
"8555",2015-06-28 08:39:51.042,-1.6742096,9.683395,-2.2000122
"8556",2015-06-28 08:39:51.062,-1.6956329,9.420364,-2.288086
"8557",2015-06-28 08:39:51.082,-1.7670441,8.745529,-0.86224365
"8558",2015-06-28 08:39:51.102,-1.4944916,8.484879,1.7156982
"8559",2015-06-28 08:39:51.122,-0.785141,9.644119,2.284607
"8560",2015-06-28 08:39:51.142,-0.30549622,10.35466,0.044677734
"8561",2015-06-28 08:39:51.163,-0.51020813,11.889999,-1.5156555
"8562",2015-06-28 08:39:51.183,-2.0062714,12.1792145,-2.5665894
"8563",2015-06-28 08:39:51.203,-3.8724823,12.124466,-1.4144897
"8564",2015-06-28 08:39:51.223,-6.602768,12.649338,-2.8677063
"8565",2015-06-28 08:39:51.243,-5.6518097,11.075912,0.4838562
"8566",2015-06-28 08:39:51.263,-2.7108612,8.720535,2.5809631
"8567",2015-06-28 08:39:51.282,-4.2259674,7.6565094,2.6047668
"8568",2015-06-28 08:39:51.302,-4.697281,7.4327545,1.9632568
"8569",2015-06-28 08:39:51.322,-2.753708,10.123764,2.3060303
"8570",2015-06-28 08:39:51.342,-1.0410309,13.286087,2.1965332
"8571",2015-06-28 08:39:51.362,0.20152283,13.913315,-1.4835205
"8572",2015-06-28 08:39:51.382,-0.80537415,11.537704,-5.162384
"8573",2015-06-28 08:39:51.403,-1.8253632,9.095444,-2.993866
"8574",2015-06-28 08:39:51.423,-2.0848236,7.4696503,2.933258
"8575",2015-06-28 08:39:51.443,-2.9262848,7.024521,5.89563
"8576",2015-06-28 08:39:51.463,-3.5844574,7.4696503,4.2579346
"8577",2015-06-28 08:39:51.483,-3.3035736,8.296829,0.19940186
"8578",2015-06-28 08:39:51.503,-2.70253,8.963333,-2.7855835
"8579",2015-06-28 08:39:51.523,-1.5028229,9.220413,-3.1854858
"8580",2015-06-28 08:39:51.542,-0.9184418,9.151382,-1.4942322
"8581",2015-06-28 08:39:51.562,0.00038146973,8.422989,-0.19692993
"8582",2015-06-28 08:39:51.582,-0.34953308,8.590805,-0.4456787
"8583",2015-06-28 08:39:51.602,-1.5087738,8.991898,-1.1181335
"8584",2015-06-28 08:39:51.622,-1.7682343,9.258499,-1.3883057
"8585",2015-06-28 08:39:51.642,-2.0407867,9.352524,-0.8765259
"8586",2015-06-28 08:39:51.663,-1.9836578,9.556046,-0.749176
"8587",2015-06-28 08:39:51.683,-1.7301483,9.254929,-1.7989197
"8588",2015-06-28 08:39:51.703,-1.2124176,8.701492,-2.384491
"8589",2015-06-28 08:39:51.721,-0.38523865,9.238266,-1.852478
"8590",2015-06-28 08:39:51.742,0.3264923,10.623642,-2.0048218
"8591",2015-06-28 08:39:51.762,-0.7744293,10.029739,-2.011963
"8592",2015-06-28 08:39:51.782,-0.96247864,10.8771515,-1.0574341
"8593",2015-06-28 08:39:51.802,-1.7872772,10.136856,0.92303467
"8594",2015-06-28 08:39:51.822,-0.19480896,11.397263,1.6669006
"8595",2015-06-28 08:39:51.842,1.5464325,13.666946,1.3395996
"8596",2015-06-28 08:39:51.862,2.1617584,12.531509,0.6802368
"8597",2015-06-28 08:39:51.882,1.4607391,11.006882,0.2362976
"8598",2015-06-28 08:39:51.903,-0.27693176,10.86882,-0.5230408
"8599",2015-06-28 08:39:51.923,-3.273819,12.5898285,0.7492676
"8600",2015-06-28 08:39:51.943,-4.3176117,13.212296,0.8444824
"8601",2015-06-28 08:39:51.961,-3.832016,11.311569,-0.93722534
"8602",2015-06-28 08:39:51.982,-2.3609467,9.416794,-0.6503906
"8603",2015-06-28 08:39:52.002,-0.23884583,8.027847,2.1108398
"8604",2015-06-28 08:39:52.022,1.1334381,7.5743866,3.6723633
"8605",2015-06-28 08:39:52.042,1.4559784,7.494644,2.7844849
"8606",2015-06-28 08:39:52.062,0.03727722,8.146866,1.3455505
"8607",2015-06-28 08:39:52.082,-1.3254852,8.855026,-0.18383789
"8608",2015-06-28 08:39:52.101,-2.183609,8.49321,-1.1455078
"8609",2015-06-28 08:39:52.121,-2.6918182,9.082352,-1.5180359
"8610",2015-06-28 08:39:52.141,-2.9941254,8.315872,-2.0881348
"8611",2015-06-28 08:39:52.161,-2.3192902,8.325394,-1.839386
"8612",2015-06-28 08:39:52.181,-1.2481232,9.190659,-0.58374023
"8613",2015-06-28 08:39:52.201,-1.5135345,9.478683,-0.50994873
"8614",2015-06-28 08:39:52.221,-1.2957306,9.667923,-1.3811646
"8615",2015-06-28 08:39:52.242,-1.5373383,9.485825,-2.0905151
"8616",2015-06-28 08:39:52.262,-1.542099,9.231125,-2.1178894
"8617",2015-06-28 08:39:52.282,-1.8670197,8.819321,-0.934845
"8618",2015-06-28 08:39:52.302,-1.9919891,9.283493,0.28985596
"8619",2015-06-28 08:39:52.322,-1.0981598,9.820267,0.501709
"8620",2015-06-28 08:39:52.342,-0.6792145,10.795029,-0.10290527
"8621",2015-06-28 08:39:52.361,-1.2457428,11.462723,-1.5156555
"8622",2015-06-28 08:39:52.381,-2.0455475,11.002121,-2.0048218
"8623",2015-06-28 08:39:52.401,-3.6046906,11.241348,0.13989258
"8624",2015-06-28 08:39:52.421,-7.2811737,12.223251,-1.2692871
"8625",2015-06-28 08:39:52.441,-4.5984955,9.71553,1.5621643
"8626",2015-06-28 08:39:52.461,-3.66539,8.3563385,1.1313171
"8627",2015-06-28 08:39:52.482,-4.260483,7.6898346,1.9430237
"8628",2015-06-28 08:39:52.502,-3.6772919,8.927628,1.6716614
"8629",2015-06-28 08:39:52.522,-1.6182709,12.051865,2.335785
"8630",2015-06-28 08:39:52.542,-0.27812195,13.420578,0.50408936
"8631",2015-06-28 08:39:52.561,-0.50187683,12.512466,-3.4080505
"8632",2015-06-28 08:39:52.581,-1.9491425,10.365372,-4.4661255
"8633",2015-06-28 08:39:52.601,-2.389511,8.678879,-0.7182312
"8634",2015-06-28 08:39:52.621,-2.6465912,7.950485,4.023468
"8635",2015-06-28 08:39:52.641,-3.3940277,7.9397736,5.3671875
"8636",2015-06-28 08:39:52.661,-3.0572052,8.42775,2.8654175
"8637",2015-06-28 08:39:52.680,-2.4799652,9.0168915,-0.7206116
"8638",2015-06-28 08:39:52.700,-1.6016083,9.726242,-2.987915
"8639",2015-06-28 08:39:52.720,-0.5613861,9.306107,-3.1616821
"8640",2015-06-28 08:39:52.740,-0.31025696,8.608658,-1.4037781
"8641",2015-06-28 08:39:52.760,-0.323349,8.825272,0.049438477
"8642",2015-06-28 08:39:52.780,-1.2814484,8.801468,-0.4290161
"8643",2015-06-28 08:39:52.801,-2.0217438,9.035934,-1.2026367
"8644",2015-06-28 08:39:52.821,-2.4121246,9.298965,-1.3276062
"8645",2015-06-28 08:39:52.841,-2.2205048,9.1978,-1.1086121
"8646",2015-06-28 08:39:52.861,-1.394516,8.952621,-1.4585266
"8647",2015-06-28 08:39:52.881,-1.1064911,8.636032,-1.9060364
"8648",2015-06-28 08:39:52.901,-1.1243439,8.615799,-1.8881836
"8649",2015-06-28 08:39:52.921,0.0717926,9.101395,-1.6239624
"8650",2015-06-28 08:39:52.940,0.33125305,9.898819,-1.6441956
"8651",2015-06-28 08:39:52.960,-0.36619568,10.220169,-2.4011536
"8652",2015-06-28 08:39:52.980,-0.6756439,10.716476,-2.2095337
"8653",2015-06-28 08:39:53.000,-2.119339,9.951187,-0.99316406
"8654",2015-06-28 08:39:53.020,-1.6396942,10.404648,0.3517456
"8655",2015-06-28 08:39:53.040,0.86564636,13.342026,2.6809387
"8656",2015-06-28 08:39:53.061,2.42836,12.98616,2.8356628
"8657",2015-06-28 08:39:53.081,2.4712067,11.853104,1.5597839
"8658",2015-06-28 08:39:53.101,0.3764801,11.532944,-0.7670288
"8659",2015-06-28 08:39:53.121,-3.042923,12.592209,-0.057678223
"8660",2015-06-28 08:39:53.141,-4.9626923,13.56102,0.42315674
"8661",2015-06-28 08:39:53.160,-3.85701,11.754318,-1.1098022
"8662",2015-06-28 08:39:53.180,-1.8527374,9.659592,-0.8848572
"8663",2015-06-28 08:39:53.200,0.08369446,8.207565,1.8263855
"8664",2015-06-28 08:39:53.220,1.9415741,7.66008,3.5140686
"8665",2015-06-28 08:39:53.240,2.1308136,7.2661285,2.5297852
"8666",2015-06-28 08:39:53.259,0.80970764,7.627945,1.1896362
"8667",2015-06-28 08:39:53.279,-1.0386505,8.100449,0.16607666
"8668",2015-06-28 08:39:53.299,-2.4192657,8.700302,-0.5932617
"8669",2015-06-28 08:39:53.321,-3.972458,8.5360565,-2.0357666
"8670",2015-06-28 08:39:53.341,-3.6808624,7.4910736,-3.0569458
"8671",2015-06-28 08:39:53.359,-2.9619904,7.4446564,-1.903656
"8672",2015-06-28 08:39:53.380,-2.2895355,8.6193695,0.087524414
"8673",2015-06-28 08:39:53.400,-2.0193634,9.347763,-0.38616943
"8674",2015-06-28 08:39:53.420,-2.3061981,10.007126,-1.8358154
"8675",2015-06-28 08:39:53.440,-2.202652,10.243973,-2.987915
"8676",2015-06-28 08:39:53.460,-1.9027252,9.677444,-3.353302
"8677",2015-06-28 08:39:53.480,-1.5563812,9.303726,-2.0179138
"8678",2015-06-28 08:39:53.500,-1.3861847,9.58461,0.008972168
"8679",2015-06-28 08:39:53.519,-0.8672638,9.670303,1.0170593
"8680",2015-06-28 08:39:53.539,-0.22218323,10.283249,0.9361267
"8681",2015-06-28 08:39:53.559,0.031326294,11.332993,-0.38259888
"8682",2015-06-28 08:39:53.579,-1.1338654,11.425827,-1.7001343
"8683",2015-06-28 08:39:53.599,-3.6296844,10.689102,-0.8098755
"8684",2015-06-28 08:39:53.619,-7.508499,11.290146,-2.4047241
"8685",2015-06-28 08:39:53.640,-6.244522,9.926193,0.7540283
"8686",2015-06-28 08:39:53.660,-3.4071198,8.810989,3.2046204
"8687",2015-06-28 08:39:53.680,-5.126938,8.589615,3.4164734
"8688",2015-06-28 08:39:53.700,-5.300705,9.193039,1.4336243
"8689",2015-06-28 08:39:53.720,-1.9705658,11.336563,1.226532
"8690",2015-06-28 08:39:53.740,0.29911804,12.739792,0.030395508
"8691",2015-06-28 08:39:53.759,0.25151062,11.834061,-2.621338
"8692",2015-06-28 08:39:53.779,-1.1874237,10.3641815,-4.1697693
"8693",2015-06-28 08:39:53.799,-2.3109589,8.964523,-1.6489563
"8694",2015-06-28 08:39:53.819,-1.7801361,8.737198,2.9820557
"8695",2015-06-28 08:39:53.839,-4.2188263,8.150436,5.1184387
"8696",2015-06-28 08:39:53.859,-3.8629608,9.024033,3.0986938
"8697",2015-06-28 08:39:53.880,-2.5573273,9.990463,-0.6051636
"8698",2015-06-28 08:39:53.900,-1.0898285,10.380844,-3.346161
"8699",2015-06-28 08:39:53.920,-0.3162079,9.7798,-4.3137817
"8700",2015-06-28 08:39:53.940,-1.2719269,8.768143,-2.5808716
"8701",2015-06-28 08:39:53.960,-1.6742096,8.038559,0.5005188
"8702",2015-06-28 08:39:53.980,-2.0657806,8.039749,1.4633789
"8703",2015-06-28 08:39:53.999,-2.3978424,8.403946,0.01373291
"8704",2015-06-28 08:39:54.019,-2.1550446,8.68364,-1.653717
"8705",2015-06-28 08:39:54.039,-1.9919891,9.00499,-2.7129822
"8706",2015-06-28 08:39:54.059,-1.214798,8.991898,-2.6522827
"8707",2015-06-28 08:39:54.078,-0.207901,8.5872345,-2.2595215
"8708",2015-06-28 08:39:54.098,0.18843079,7.8624115,-1.8667603
"8709",2015-06-28 08:39:54.118,0.48835754,8.640793,-0.8931885
"8710",2015-06-28 08:39:54.138,1.0905914,10.140427,0.38388062
"8711",2015-06-28 08:39:54.158,-0.019851685,10.385605,-0.41235352
"8712",2015-06-28 08:39:54.178,-0.22099304,11.525803,-2.308319
"8713",2015-06-28 08:39:54.198,-0.9505768,11.678146,-3.6722717
"8714",2015-06-28 08:39:54.219,-2.5930328,10.221359,-2.7474976
"8715",2015-06-28 08:39:54.239,0.33839417,12.783829,-0.9753113
"8716",2015-06-28 08:39:54.259,0.76805115,12.387497,2.5881042
"8717",2015-06-28 08:39:54.279,2.1296234,11.676956,4.343628
"8718",2015-06-28 08:39:54.299,1.8035126,10.558182,1.618103
"8719",2015-06-28 08:39:54.319,-1.2564545,10.824783,-1.0217285
"8720",2015-06-28 08:39:54.338,-3.8427277,12.3077545,-0.5944519
"8721",2015-06-28 08:39:54.358,-5.018631,12.963547,-0.45162964
"8722",2015-06-28 08:39:54.378,-3.8927155,11.244919,-1.6168213
"8723",2015-06-28 08:39:54.398,-2.0562592,8.731247,-0.6432495
"8724",2015-06-28 08:39:54.418,0.28245544,7.7731476,2.5762024
"8725",2015-06-28 08:39:54.438,1.5714264,7.0554657,3.7247314
"8726",2015-06-28 08:39:54.459,1.9558563,7.6386566,2.4857483
"8727",2015-06-28 08:39:54.479,0.8775482,8.378952,0.796875
"8728",2015-06-28 08:39:54.499,-1.7682343,9.303726,-0.7610779
"8729",2015-06-28 08:39:54.519,-3.0952911,9.321579,-2.346405
"8730",2015-06-28 08:39:54.539,-4.1557465,8.644363,-3.654419
"8731",2015-06-28 08:39:54.559,-3.4440155,7.8802643,-3.2080994
"8732",2015-06-28 08:39:54.578,-2.5716095,7.9266815,-0.9229431
"8733",2015-06-28 08:39:54.598,-2.6013641,8.552719,0.9111328
"8734",2015-06-28 08:39:54.618,-2.2443085,9.281113,0.17797852
"8735",2015-06-28 08:39:54.638,-1.8729706,10.022598,-1.557312
"8736",2015-06-28 08:39:54.658,-1.5528107,9.84407,-2.3535461
"8737",2015-06-28 08:39:54.678,-1.7622833,9.3311,-2.2964172
"8738",2015-06-28 08:39:54.698,-1.7265778,9.195419,-1.0360107
"8739",2015-06-28 08:39:54.717,-1.125534,9.602463,-0.5706482
"8740",2015-06-28 08:39:54.737,-0.849411,10.508194,-0.3814087
"8741",2015-06-28 08:39:54.759,-1.2243195,11.2556305,-0.4873352
"8742",2015-06-28 08:39:54.779,-1.8110809,10.989029,-1.7096558
"8743",2015-06-28 08:39:54.799,-2.817978,10.058304,-0.9574585
"8744",2015-06-28 08:39:54.819,-4.108139,10.119003,-1.1835938
"8745",2015-06-28 08:39:54.838,-5.9469757,10.477249,0.50527954
"8746",2015-06-28 08:39:54.858,-3.0393524,8.318253,2.958252
"8747",2015-06-28 08:39:54.878,-4.56279,8.212326,4.0210876
"8748",2015-06-28 08:39:54.898,-5.833908,9.65007,2.4916992
"8749",2015-06-28 08:39:54.918,-2.5013885,11.974503,0.7385559
"8750",2015-06-28 08:39:54.938,0.17652893,13.6931305,-1.2276306
"8751",2015-06-28 08:39:54.959,-0.10435486,13.04805,-3.6960754
"8752",2015-06-28 08:39:54.979,-1.9229584,11.066391,-5.0052795
"8753",2015-06-28 08:39:54.997,-2.7013397,8.794327,-1.1609802
"8754",2015-06-28 08:39:55.017,-1.7896576,8.201614,3.7366333
"8755",2015-06-28 08:39:55.038,-3.5023346,7.679123,5.4171753
"8756",2015-06-28 08:39:55.058,-2.9631805,8.643173,3.0844116
"8757",2015-06-28 08:39:55.078,-2.9584198,9.495346,-0.6694336
"8758",2015-06-28 08:39:55.098,-1.8336945,9.534622,-3.0033875
"8759",2015-06-28 08:39:55.118,-0.7946625,9.490585,-3.3068848
"8760",2015-06-28 08:39:55.138,-0.3566742,8.550339,-1.7251282
"8761",2015-06-28 08:39:55.157,-0.3650055,8.203995,0.068481445
"8762",2015-06-28 08:39:55.177,-1.1017303,8.581284,0.62072754
"8763",2015-06-28 08:39:55.197,-2.5001984,9.063309,-0.5444641
"8764",2015-06-28 08:39:55.217,-2.619217,9.708389,-1.973877
"8765",2015-06-28 08:39:55.237,-2.4311676,9.922623,-2.8105774
"8766",2015-06-28 08:39:55.257,-1.8170319,9.425125,-2.6772766
"8767",2015-06-28 08:39:55.278,-0.77323914,8.532486,-2.455902
"8768",2015-06-28 08:39:55.298,-0.63993835,7.8052826,-1.8548584
"8769",2015-06-28 08:39:55.318,-0.3483429,8.098068,-0.63253784
"8770",2015-06-28 08:39:55.338,0.5669098,9.701248,0.089904785
"8771",2015-06-28 08:39:55.358,-0.6018524,9.934525,-1.4989929
"8772",2015-06-28 08:39:55.378,-0.96961975,10.681961,-3.1497803
"8773",2015-06-28 08:39:55.398,-2.0336456,9.898819,-3.1319275
"8774",2015-06-28 08:39:55.417,-0.9898529,10.199936,-1.8858032
"8775",2015-06-28 08:39:55.437,1.1703339,12.638626,2.926117
"8776",2015-06-28 08:39:55.457,2.717575,13.668137,5.377899
"8777",2015-06-28 08:39:55.477,1.1703339,11.611496,1.682373
"8778",2015-06-28 08:39:55.497,-1.3314362,10.151138,-2.2547607
"8779",2015-06-28 08:39:55.517,-4.037918,11.855484,-2.3154602
"8780",2015-06-28 08:39:55.538,-5.8743744,13.611008,-0.7765503
"8781",2015-06-28 08:39:55.558,-4.158127,12.274429,-0.47662354
"8782",2015-06-28 08:39:55.578,-1.9408112,9.90715,-0.37664795
"8783",2015-06-28 08:39:55.598,0.45265198,8.338486,1.6549988
"8784",2015-06-28 08:39:55.618,2.1260529,7.427994,3.6021423
"8785",2015-06-28 08:39:55.638,2.575943,7.5041656,3.4045715
"8786",2015-06-28 08:39:55.657,1.1941376,8.632462,2.072754
"8787",2015-06-28 08:39:55.677,-0.50782776,9.635788,0.26605225
"8788",2015-06-28 08:39:55.697,-2.522812,9.772659,-1.986969
"8789",2015-06-28 08:39:55.717,-4.093857,8.975235,-2.6260986
"8790",2015-06-28 08:39:55.737,-4.147415,8.296829,-2.4047241
"8791",2015-06-28 08:39:55.757,-3.0929108,7.800522,-1.4680481
"8792",2015-06-28 08:39:55.778,-1.753952,8.544388,-0.13742065
"8793",2015-06-28 08:39:55.798,-0.701828,9.602463,0.34222412
"8794",2015-06-28 08:39:55.818,-0.77919006,10.265396,-1.1264648
"8795",2015-06-28 08:39:55.838,-1.2017059,10.115433,-2.8796082
"8796",2015-06-28 08:39:55.858,-1.6599274,9.704819,-3.4794617
"8797",2015-06-28 08:39:55.878,-1.2326508,9.332291,-2.57135
"8798",2015-06-28 08:39:55.898,-1.1540985,8.921677,-0.6587219
"8799",2015-06-28 08:39:55.917,-0.63874817,8.445602,0.39578247
"8800",2015-06-28 08:39:55.937,-0.64826965,8.952621,0.33984375
"8801",2015-06-28 08:39:55.957,-1.3397675,10.243973,-0.81463623
"8802",2015-06-28 08:39:55.977,-2.1157684,10.784317,-1.1705017
"8803",2015-06-28 08:39:55.996,-3.9105682,10.880722,0.087524414
"8804",2015-06-28 08:39:56.016,-7.4323273,11.491287,-1.3728333
"8805",2015-06-28 08:39:56.036,-5.0995636,9.544144,3.2617493
"8806",2015-06-28 08:39:56.056,-4.583023,9.089493,2.9546814
"8807",2015-06-28 08:39:56.076,-4.75679,8.664597,1.0634766
"8808",2015-06-28 08:39:56.096,-1.1779022,9.983322,-0.21359253
"8809",2015-06-28 08:39:56.117,0.47169495,12.593399,0.42910767
"8810",2015-06-28 08:39:56.137,-0.07221985,13.665756,-1.1098022
"8811",2015-06-28 08:39:56.157,-2.2966766,11.885239,-4.141205
"8812",2015-06-28 08:39:56.177,-3.9498444,9.71553,-3.5960999
"8813",2015-06-28 08:39:56.197,-4.8222504,8.325394,0.9349365
"8814",2015-06-28 08:39:56.217,-4.2259674,8.438461,5.0529785
"8815",2015-06-28 08:39:56.236,-2.8941498,9.429886,5.339813
"8816",2015-06-28 08:39:56.256,-2.2312164,9.952377,1.6728516
"8817",2015-06-28 08:39:56.276,-1.6587372,9.832169,-2.2916565
"8818",2015-06-28 08:39:56.296,-0.7042084,9.858353,-4.3756714
"8819",2015-06-28 08:39:56.316,-0.25193787,9.1454315,-3.4449463
"8820",2015-06-28 08:39:56.336,-1.1731415,8.282547,-0.3552246
"8821",2015-06-28 08:39:56.357,-1.8705902,8.038559,1.739502
"8822",2015-06-28 08:39:56.377,-2.1074371,7.666031,1.2479553
"8823",2015-06-28 08:39:56.397,-1.9836578,8.551529,-0.8491516
"8824",2015-06-28 08:39:56.417,-1.509964,8.988327,-2.859375
"8825",2015-06-28 08:39:56.437,-1.1719513,9.532242,-3.7436829
"8826",2015-06-28 08:39:56.457,-0.84584045,9.614365,-3.4854126
"8827",2015-06-28 08:39:56.476,-0.3471527,8.94429,-2.6772766
"8828",2015-06-28 08:39:56.496,-0.16981506,8.3004,-1.9405518
"8829",2015-06-28 08:39:56.516,-0.05079651,7.9207306,-0.5432739
"8830",2015-06-28 08:39:56.536,0.38957214,9.71553,0.5267029
"8831",2015-06-28 08:39:56.556,-0.8434601,9.784561,-0.52423096
"8832",2015-06-28 08:39:56.576,-0.61613464,11.111618,-2.2285767
"8833",2015-06-28 08:39:56.596,-0.7994232,11.163986,-2.6082458
"8834",2015-06-28 08:39:56.617,-0.32810974,12.414871,-0.8586731
"8835",2015-06-28 08:39:56.637,1.0275116,13.468185,0.976593
"8836",2015-06-28 08:39:56.657,-0.12458801,11.692429,2.5262146
"8837",2015-06-28 08:39:56.677,-0.75419617,9.356094,-0.023162842
"8838",2015-06-28 08:39:56.697,-0.6923065,8.499161,-1.5977783
"8839",2015-06-28 08:39:56.717,-2.7382355,10.823593,0.27557373
"8840",2015-06-28 08:39:56.736,-3.6558685,13.422958,1.566925
"8841",2015-06-28 08:39:56.756,-2.6977692,13.023056,0.09109497
"8842",2015-06-28 08:39:56.776,-2.2276459,10.478439,-2.2357178
"8843",2015-06-28 08:39:56.796,-1.0207977,8.611038,-0.46948242
"8844",2015-06-28 08:39:56.816,0.5657196,8.433701,3.2296143
"8845",2015-06-28 08:39:56.836,1.3179169,8.451553,3.65094
"8846",2015-06-28 08:39:56.857,0.4764557,9.045456,1.6157227
"8847",2015-06-28 08:39:56.877,-0.5709076,9.763138,-0.158844
"8848",2015-06-28 08:39:56.897,-1.9598541,9.702438,-2.0429077
"8849",2015-06-28 08:39:56.917,-2.8203583,9.219223,-2.1904907
"8850",2015-06-28 08:39:56.937,-3.0988617,8.330154,-1.5144653
"8851",2015-06-28 08:39:56.957,-2.991745,7.7517242,-1.0645752
"8852",2015-06-28 08:39:56.976,-1.6956329,8.034988,-0.39926147
"8853",2015-06-28 08:39:56.996,-1.1172028,8.650314,0.06729126
"8854",2015-06-28 08:39:57.016,-0.6530304,9.337051,-0.38259888
"8855",2015-06-28 08:39:57.036,-0.6292267,9.479874,-1.6382446
"8856",2015-06-28 08:39:57.055,-1.0434113,9.406082,-2.660614
"8857",2015-06-28 08:39:57.075,-0.8101349,9.489395,-2.9926758
"8858",2015-06-28 08:39:57.095,-1.5182953,9.58461,-1.954834
"8859",2015-06-28 08:39:57.115,-1.5301971,9.384659,-0.620636
"8860",2015-06-28 08:39:57.135,-1.0862579,9.026413,0.092285156
"8861",2015-06-28 08:39:57.155,-1.311203,9.52272,0.1958313
"8862",2015-06-28 08:39:57.176,-1.529007,10.795029,-0.43258667
"8863",2015-06-28 08:39:57.196,-2.6168365,11.590073,0.8123474
"8864",2015-06-28 08:39:57.217,-4.724655,12.627914,-1.1693115
"8865",2015-06-28 08:39:57.236,-6.379013,11.7495575,-1.7132263
"8866",2015-06-28 08:39:57.256,-3.171463,9.176376,1.0896606
"8867",2015-06-28 08:39:57.276,-3.4225922,9.079971,2.0203857
"8868",2015-06-28 08:39:57.296,-3.877243,8.221848,0.880188
"8869",2015-06-28 08:39:57.315,-1.9503326,9.417984,0.57907104
"8870",2015-06-28 08:39:57.335,-1.4421234,12.011398,1.3217468
"8871",2015-06-28 08:39:57.355,-1.1398163,13.553879,-0.25405884
"8872",2015-06-28 08:39:57.375,-1.9265289,11.999496,-3.8615112
"8873",2015-06-28 08:39:57.395,-2.9560394,9.451309,-4.245941
"8874",2015-06-28 08:39:57.415,-3.1357574,8.646744,-0.38735962
"8875",2015-06-28 08:39:57.436,-3.742752,8.132584,3.9115906
"8876",2015-06-28 08:39:57.456,-4.081955,8.447983,5.5219116
"8877",2015-06-28 08:39:57.476,-3.0869598,9.1371,2.8796997
"8878",2015-06-28 08:39:57.496,-2.484726,9.203751,-0.9181824
"8879",2015-06-28 08:39:57.516,-1.2826385,9.629837,-3.5080261
"8880",2015-06-28 08:39:57.536,-0.46617126,9.507248,-3.6389465
"8881",2015-06-28 08:39:57.555,-0.21861267,8.844315,-1.9691162
"8882",2015-06-28 08:39:57.575,-0.69706726,8.344437,-0.11361694
"8883",2015-06-28 08:39:57.595,-1.4111786,8.312302,0.2874756
"8884",2015-06-28 08:39:57.615,-1.843216,9.234695,-0.5682678
"8885",2015-06-28 08:39:57.635,-2.4049835,9.748856,-1.7644043
"8886",2015-06-28 08:39:57.655,-2.266922,9.45845,-2.2226257
"8887",2015-06-28 08:39:57.676,-1.4599762,9.165665,-2.1964417
"8888",2015-06-28 08:39:57.696,-0.99342346,8.497971,-2.1762085
"8889",2015-06-28 08:39:57.716,-0.79585266,8.349197,-2.346405
"8890",2015-06-28 08:39:57.736,-0.67326355,8.327774,-2.1000366
"8891",2015-06-28 08:39:57.756,0.95729065,9.321579,-1.4382935
"8892",2015-06-28 08:39:57.776,0.052749634,9.926193,-0.832489
"8893",2015-06-28 08:39:57.796,-0.868454,10.321335,-1.4037781
"8894",2015-06-28 08:39:57.815,-0.97676086,10.862869,-1.8179626
"8895",2015-06-28 08:39:57.835,-1.7515717,11.3710785,0.12084961
"8896",2015-06-28 08:39:57.855,1.2000885,14.070419,1.124176
"8897",2015-06-28 08:39:57.875,1.2000885,13.733597,2.5309753
"8898",2015-06-28 08:39:57.895,-0.19004822,10.305862,-0.6218262
"8899",2015-06-28 08:39:57.915,-1.5040131,8.001663,-2.4689941
"8900",2015-06-28 08:39:57.936,-3.4975739,10.422501,-0.50756836
"8901",2015-06-28 08:39:57.956,-4.6294403,13.092087,1.701416
"8902",2015-06-28 08:39:57.976,-3.34404,12.874283,1.046814
"8903",2015-06-28 08:39:57.994,-1.8741608,10.521286,-1.4894714
"8904",2015-06-28 08:39:58.015,-0.4637909,8.515823,-0.77059937
"8905",2015-06-28 08:39:58.035,1.5214386,7.9338226,2.356018
"8906",2015-06-28 08:39:58.055,1.5940399,8.008804,3.3605347
"8907",2015-06-28 08:39:58.075,0.45265198,8.353958,2.201294
"8908",2015-06-28 08:39:58.095,-0.68873596,9.178757,0.73498535
"8909",2015-06-28 08:39:58.115,-1.343338,9.345383,-1.1121826
"8910",2015-06-28 08:39:58.134,-2.8286896,9.190659,-2.159546
"8911",2015-06-28 08:39:58.154,-3.2904816,8.866928,-2.488037
"8912",2015-06-28 08:39:58.174,-2.8048859,8.438461,-2.1738281
"8913",2015-06-28 08:39:58.196,-2.177658,8.701492,-1.0669556
"8914",2015-06-28 08:39:58.216,-1.2397919,9.416794,-0.20288086
"8915",2015-06-28 08:39:58.234,-1.1100616,9.9214325,-0.87771606
"8916",2015-06-28 08:39:58.255,-1.112442,9.804794,-2.026245
"8917",2015-06-28 08:39:58.275,-1.7491913,9.564377,-2.8236694
"8918",2015-06-28 08:39:58.295,-1.8408356,9.094254,-2.692749
"8919",2015-06-28 08:39:58.315,-1.727768,8.888351,-1.3823547
"8920",2015-06-28 08:39:58.335,-1.0898285,8.546768,0.6159668
"8921",2015-06-28 08:39:58.355,-0.85536194,9.460831,0.9277954
"8922",2015-06-28 08:39:58.375,-1.4349823,10.645065,-0.47543335
"8923",2015-06-28 08:39:58.394,-2.2454987,11.402023,-1.3478394
"8924",2015-06-28 08:39:58.414,-4.807968,11.797165,-0.22787476
"8925",2015-06-28 08:39:58.434,-7.738205,11.928085,-2.9034119
"8926",2015-06-28 08:39:58.454,-4.384262,9.961899,0.62667847
"8927",2015-06-28 08:39:58.474,-2.2966766,9.528671,2.5940552
"8928",2015-06-28 08:39:58.494,-3.4166412,8.771713,1.4169617
"8929",2015-06-28 08:39:58.515,-3.2202606,8.206375,0.29699707
"8930",2015-06-28 08:39:58.535,-1.3552399,10.881912,1.2681885
"8931",2015-06-28 08:39:58.555,-1.5028229,12.92189,1.1146545
"8932",2015-06-28 08:39:58.575,-1.7753754,12.464859,-1.8929443
"8933",2015-06-28 08:39:58.595,-2.5335236,10.316574,-4.2364197
"8934",2015-06-28 08:39:58.615,-2.921524,8.551529,-2.4832764
"8935",2015-06-28 08:39:58.634,-2.652542,8.189713,1.951355
"8936",2015-06-28 08:39:58.654,-2.89534,8.377762,5.204132
"8937",2015-06-28 08:39:58.674,-2.671585,8.840744,4.3543396
"8938",2015-06-28 08:39:58.694,-2.792984,9.00856,0.450531
"8939",2015-06-28 08:39:58.714,-1.6920624,9.108536,-2.885559
"8940",2015-06-28 08:39:58.734,-0.8279877,9.13829,-4.092407
"8941",2015-06-28 08:39:58.755,-0.68873596,8.68602,-2.9629211
"8942",2015-06-28 08:39:58.775,-1.1029205,8.81575,-1.4073486
"8943",2015-06-28 08:39:58.795,-1.6420746,8.664597,-0.3730774
"8944",2015-06-28 08:39:58.815,-2.106247,9.128769,-0.30404663
"8945",2015-06-28 08:39:58.835,-2.6215973,9.538193,-1.0003052
"8946",2015-06-28 08:39:58.855,-1.80513,9.270401,-1.2788086
"8947",2015-06-28 08:39:58.875,-1.080307,8.799088,-1.557312
"8948",2015-06-28 08:39:58.894,-0.34477234,8.681259,-1.8810425
"8949",2015-06-28 08:39:58.914,-0.47807312,8.981186,-2.044098
"8950",2015-06-28 08:39:58.934,0.3848114,9.5750885,-2.0012512
"8951",2015-06-28 08:39:58.953,0.9799042,10.149948,-1.5965881
"8952",2015-06-28 08:39:58.973,-0.41975403,10.1844635,-1.9310303
"8953",2015-06-28 08:39:58.993,-1.2540741,10.5950775,-2.0631409
"8954",2015-06-28 08:39:59.013,-2.0753021,10.5950775,-1.5596924
"8955",2015-06-28 08:39:59.033,-2.8167877,10.5629425,0.7052307
"8956",2015-06-28 08:39:59.053,0.0027618408,12.908798,0.4671936
"8957",2015-06-28 08:39:59.073,1.0798798,12.174454,1.8478088
"8958",2015-06-28 08:39:59.094,2.0522614,11.462723,1.9632568
"8959",2015-06-28 08:39:59.114,0.9215851,9.928574,-1.1943054
"8960",2015-06-28 08:39:59.134,-2.0634003,11.12352,-1.2585754
"8961",2015-06-28 08:39:59.154,-3.5582733,13.030197,0.6576233
"8962",2015-06-28 08:39:59.174,-3.4106903,12.812393,0.08633423
"8963",2015-06-28 08:39:59.194,-2.4704437,10.697433,-1.5620728
"8964",2015-06-28 08:39:59.213,-0.8089447,8.342056,-0.13146973
"8965",2015-06-28 08:39:59.233,0.2693634,7.255417,2.8725586
"8966",2015-06-28 08:39:59.253,1.5333405,7.333969,3.5652466
"8967",2015-06-28 08:39:59.273,1.3167267,8.294449,2.1477356
"8968",2015-06-28 08:39:59.293,-0.16862488,9.082352,0.33746338
"8969",2015-06-28 08:39:59.313,-2.1014862,9.3953705,-1.6108704
"8970",2015-06-28 08:39:59.334,-3.2071686,8.666977,-2.3737793
"8971",2015-06-28 08:39:59.354,-3.723709,8.014755,-2.513031
"8972",2015-06-28 08:39:59.374,-2.9965057,7.72435,-1.7989197
"8973",2015-06-28 08:39:59.394,-2.3680878,8.509872,-0.5123291
"8974",2015-06-28 08:39:59.414,-2.1395721,9.314438,0.39816284
"8975",2015-06-28 08:39:59.434,-1.4016571,10.066635,-0.5313721
"8976",2015-06-28 08:39:59.453,-1.9955597,10.179703,-2.3309326
"8977",2015-06-28 08:39:59.473,-1.8979645,9.7738495,-3.2926025
"8978",2015-06-28 08:39:59.493,-1.61232,9.285873,-2.923645
"8979",2015-06-28 08:39:59.513,-1.2397919,8.74791,-0.59088135
"8980",2015-06-28 08:39:59.533,-1.349289,9.022842,1.0682373
"8981",2015-06-28 08:39:59.552,-1.0303192,9.635788,0.944458
"8982",2015-06-28 08:39:59.572,-1.3921356,10.99498,-0.56588745
"8983",2015-06-28 08:39:59.592,-2.4752045,11.647202,-1.5727844
"8984",2015-06-28 08:39:59.612,-4.191452,11.96022,-0.41711426
"8985",2015-06-28 08:39:59.634,-7.2990265,12.329178,-2.2452393
"8986",2015-06-28 08:39:59.654,-4.729416,10.197556,0.18035889
"8987",2015-06-28 08:39:59.674,-2.3835602,9.564377,2.163208
"8988",2015-06-28 08:39:59.694,-1.8491669,9.475113,2.0644226
"8989",2015-06-28 08:39:59.713,-2.9691315,7.943344,0.06253052
"8990",2015-06-28 08:39:59.733,-2.8132172,8.100449,0.49813843
"8991",2015-06-28 08:39:59.753,-2.3204803,10.7426605,1.7049866
"8992",2015-06-28 08:39:59.773,-2.1812286,11.981644,0.8635254
"8993",2015-06-28 08:39:59.792,-2.0455475,11.274673,-1.9536438
"8994",2015-06-28 08:39:59.812,-2.2716827,9.846451,-3.2926025
"8995",2015-06-28 08:39:59.832,-1.8765411,8.74791,-0.8086853
"8996",2015-06-28 08:39:59.852,-1.9027252,8.915726,3.124878
"8997",2015-06-28 08:39:59.872,-3.6880035,8.934769,4.7530518
"8998",2015-06-28 08:39:59.892,-3.010788,9.5239105,2.310791
"8999",2015-06-28 08:39:59.913,-2.3811798,9.318008,-1.165741
"9000",2015-06-28 08:39:59.933,-1.3576202,9.428696,-3.3164063
"9001",2015-06-28 08:39:59.953,-0.6530304,9.038315,-2.6439514
"9002",2015-06-28 08:39:59.973,-1.1112518,8.7026825,-0.46829224
"9003",2015-06-28 08:39:59.993,-0.9470062,8.894302,0.05895996
"9004",2015-06-28 08:40:00.013,-1.3088226,8.832413,-0.5349426
"9005",2015-06-28 08:40:00.032,-1.8908234,8.935959,-1.5715942
"9006",2015-06-28 08:40:00.052,-1.8991547,8.858597,-2.1428833
"9007",2015-06-28 08:40:00.072,-1.6182709,8.809799,-2.1762085
"9008",2015-06-28 08:40:00.092,-1.4944916,8.444412,-2.0940857
"9009",2015-06-28 08:40:00.112,-1.4195099,7.3613434,-2.2916565
"9010",2015-06-28 08:40:00.132,-0.7422943,6.743637,-1.1431274
"9011",2015-06-28 08:40:00.153,0.08369446,7.6005707,1.913269
"9012",2015-06-28 08:40:00.173,-1.7801361,8.205185,1.3265076
"9013",2015-06-28 08:40:00.193,-2.337143,9.494156,0.43981934
"9014",2015-06-28 08:40:00.213,-0.6280365,13.919266,3.0118103
"9015",2015-06-28 08:40:00.233,3.107956,20.274857,1.4264832
"9016",2015-06-28 08:40:00.253,-1.0398407,13.821671,-5.7931824
"9017",2015-06-28 08:40:00.273,-3.9712677,8.521774,-6.6715393
"9018",2015-06-28 08:40:00.292,-3.2500153,9.823837,-2.6070557
"9019",2015-06-28 08:40:00.312,-1.2040863,12.927841,2.3845825
"9020",2015-06-28 08:40:00.332,-0.5935211,13.284897,3.3652954
"9021",2015-06-28 08:40:00.352,-0.17100525,11.18541,0.4683838
"9022",2015-06-28 08:40:00.372,-0.34953308,9.45726,-1.4906616
"9023",2015-06-28 08:40:00.392,-0.041275024,9.206131,-1.0467224
"9024",2015-06-28 08:40:00.413,-0.63993835,9.590561,0.6326294
"9025",2015-06-28 08:40:00.433,-1.4337921,9.973801,1.489563
"9026",2015-06-28 08:40:00.453,-1.9312897,9.797653,1.0480042
"9027",2015-06-28 08:40:00.473,-2.0562592,9.473923,0.4350586
"9028",2015-06-28 08:40:00.493,-1.0743561,9.448929,0.34579468
"9029",2015-06-28 08:40:00.513,0.21104431,9.567947,0.18869019
"9030",2015-06-28 08:40:00.532,0.80970764,9.669113,-0.20645142
"9031",2015-06-28 08:40:00.552,1.0370331,9.71553,-0.27548218
"9032",2015-06-28 08:40:00.572,1.0894012,9.700058,0.15655518
"9033",2015-06-28 08:40:00.592,0.69425964,9.479874,0.60287476
"9034",2015-06-28 08:40:00.612,0.052749634,9.127579,0.8313904
"9035",2015-06-28 08:40:00.632,-0.49473572,9.00737,0.33270264
"9036",2015-06-28 08:40:00.653,-0.2995453,9.437027,0.25772095
"9037",2015-06-28 08:40:00.673,-0.58399963,9.445358,-0.30999756
"9038",2015-06-28 08:40:00.693,-0.28645325,9.437027,-1.0610046
"9039",2015-06-28 08:40:00.713,0.19914246,9.412033,-1.114563
"9040",2015-06-28 08:40:00.733,0.812088,9.563187,-0.043395996
"9041",2015-06-28 08:40:00.753,1.1524811,9.895248,0.6052551
"9042",2015-06-28 08:40:00.773,1.1370087,10.153519,0.5683594
"9043",2015-06-28 08:40:00.792,0.6954498,10.042831,0.38031006
"9044",2015-06-28 08:40:00.812,0.20985413,9.96666,0.26010132
"9045",2015-06-28 08:40:00.832,0.15748596,10.017838,0.6885681
"9046",2015-06-28 08:40:00.852,0.3193512,9.964279,1.3669739
"9047",2015-06-28 08:40:00.872,0.50502014,9.895248,1.4848022
"9048",2015-06-28 08:40:00.892,0.35505676,9.890488,0.9468384
"9049",2015-06-28 08:40:00.913,-0.18647766,9.880966,0.34579468
"9050",2015-06-28 08:40:00.933,-0.29240417,10.074966,0.2208252
"9051",2015-06-28 08:40:00.953,0.6145172,9.97142,0.25534058
"9052",2015-06-28 08:40:00.973,0.8466034,9.821457,0.21487427
"9053",2015-06-28 08:40:00.992,0.5026398,9.685776,0.3517456
"9054",2015-06-28 08:40:01.012,0.09559631,9.694107,0.9539795
"9055",2015-06-28 08:40:01.032,0.0717926,10.053543,1.5490723
"9056",2015-06-28 08:40:01.052,0.23365784,9.991653,1.0063477
"9057",2015-06-28 08:40:01.072,-0.13291931,9.739334,0.055389404
"9058",2015-06-28 08:40:01.092,-1.048172,10.132095,-0.89437866
"9059",2015-06-28 08:40:01.112,-2.3740387,10.107101,-0.8979492
"9060",2015-06-28 08:40:01.132,-2.8346405,9.644119,-0.38735962
"9061",2015-06-28 08:40:01.153,-4.3664093,9.099014,0.76831055
"9062",2015-06-28 08:40:01.173,-5.8505707,9.738144,2.43219
"9063",2015-06-28 08:40:01.193,-6.9645844,10.102341,2.9868164
"9064",2015-06-28 08:40:01.213,-1.965805,9.71077,2.4809875
"9065",2015-06-28 08:40:01.232,0.37171936,9.283493,-0.28619385
"9066",2015-06-28 08:40:01.252,1.6666412,9.352524,-2.159546
"9067",2015-06-28 08:40:01.272,-2.2252655,10.253494,-2.9653015
"9068",2015-06-28 08:40:01.292,-5.017441,10.701004,-2.9117432
"9069",2015-06-28 08:40:01.312,-6.1112213,9.384659,-3.807953
"9070",2015-06-28 08:40:01.332,-6.8812714,7.282791,-4.514923
"9071",2015-06-28 08:40:01.351,-4.9972076,7.3625336,-3.756775
"9072",2015-06-28 08:40:01.371,-4.203354,8.470596,-2.3475952
"9073",2015-06-28 08:40:01.391,-3.8046417,9.417984,-1.7025146
"9074",2015-06-28 08:40:01.411,-3.6499176,9.706009,-1.8655701
"9075",2015-06-28 08:40:01.431,-3.1512299,9.588181,-2.339264
"9076",2015-06-28 08:40:01.451,-2.157425,9.731003,-1.9726868
"9077",2015-06-28 08:40:01.471,-1.35643,10.327286,-0.68847656
"9078",2015-06-28 08:40:01.492,-1.1731415,10.850967,0.25653076
"9079",2015-06-28 08:40:01.512,-2.5001984,10.29039,-0.086242676
"9080",2015-06-28 08:40:01.532,-2.9048615,10.189224,-0.7027588
"9081",2015-06-28 08:40:01.552,-2.902481,10.067825,-1.5739746
"9082",2015-06-28 08:40:01.572,-2.3585663,9.888107,-2.410675
"9083",2015-06-28 08:40:01.592,-2.1943207,9.664352,-2.4213867
"9084",2015-06-28 08:40:01.611,-2.2443085,9.503677,-1.7275085
"9085",2015-06-28 08:40:01.631,-2.472824,9.303726,-0.78131104
"9086",2015-06-28 08:40:01.651,-2.619217,9.277542,0.11251831
"9087",2015-06-28 08:40:01.671,-2.3835602,9.4275055,0.3922119
"9088",2015-06-28 08:40:01.691,-1.9146271,9.32991,-0.44448853
"9089",2015-06-28 08:40:01.711,-1.7456207,9.044266,-0.90270996
"9090",2015-06-28 08:40:01.732,-1.8146515,9.440598,-0.85391235
"9091",2015-06-28 08:40:01.752,-2.1526642,9.8059845,-0.86343384
"9092",2015-06-28 08:40:01.772,-2.1038666,9.933334,-0.90390015
"9093",2015-06-28 08:40:01.792,-1.8777313,9.734573,-0.8241577
"9094",2015-06-28 08:40:01.812,-1.7182465,9.294205,-0.14694214
"9095",2015-06-28 08:40:01.832,-1.6016083,8.770523,0.6242981
"9096",2015-06-28 08:40:01.851,-1.5432892,8.789566,0.90042114
"9097",2015-06-28 08:40:01.871,-1.9467621,9.258499,0.6564331
"9098",2015-06-28 08:40:01.891,-2.240738,9.672684,0.030395508
"9099",2015-06-28 08:40:01.911,-2.3359528,9.783371,-0.9836426
"9100",2015-06-28 08:40:01.931,-2.2324066,9.934525,-1.5656433
"9101",2015-06-28 08:40:01.950,-2.0003204,10.080917,-1.428772
"9102",2015-06-28 08:40:01.970,-1.8134613,10.1011505,-1.063385
"9103",2015-06-28 08:40:01.990,-1.5540009,10.195175,-0.97769165
"9104",2015-06-28 08:40:02.010,-1.7670441,10.528427,-1.1990662
"9105",2015-06-28 08:40:02.030,-1.856308,10.537949,-1.5501709
"9106",2015-06-28 08:40:02.051,-1.6932526,10.280869,-1.807251
"9107",2015-06-28 08:40:02.071,-1.7932281,10.048782,-1.6430054
"9108",2015-06-28 08:40:02.092,-1.3933258,9.745285,-1.1954956
"9109",2015-06-28 08:40:02.111,-1.3695221,9.633408,-0.77059937
"9110",2015-06-28 08:40:02.131,-1.5587616,9.666733,-0.7825012
"9111",2015-06-28 08:40:02.151,-1.5801849,9.483444,-1.0538635
"9112",2015-06-28 08:40:02.171,-1.4123688,9.452499,-1.2776184
"9113",2015-06-28 08:40:02.190,-1.3719025,9.576279,-1.3680725
"9114",2015-06-28 08:40:02.210,-1.2195587,9.615555,-1.2645264
"9115",2015-06-28 08:40:02.230,-1.2314606,9.698868,-1.0526733
"9116",2015-06-28 08:40:02.250,-1.3695221,9.810745,-0.9086609
"9117",2015-06-28 08:40:02.270,-1.5670929,9.791702,-0.9979248
"9118",2015-06-28 08:40:02.290,-1.6266022,9.770279,-0.9169922
"9119",2015-06-28 08:40:02.311,-1.5325775,9.785751,-0.7694092
"9120",2015-06-28 08:40:02.331,-1.4207001,9.832169,-0.65515137
"9121",2015-06-28 08:40:02.351,-1.5397186,9.888107,-0.6503906
"9122",2015-06-28 08:40:02.371,-1.7111053,9.90715,-0.6837158
"9123",2015-06-28 08:40:02.391,-1.9003448,9.974991,-0.7241821
"9124",2015-06-28 08:40:02.411,-2.1752777,10.047592,-0.73727417
"9125",2015-06-28 08:40:02.430,-2.44664,10.204697,-0.6170654
"9126",2015-06-28 08:40:02.450,-2.208603,10.554611,-0.13027954
"9127",2015-06-28 08:40:02.470,-3.133377,10.515335,-0.07672119
"9128",2015-06-28 08:40:02.490,-3.9081879,9.913101,-0.18502808
"9129",2015-06-28 08:40:02.510,-1.4873505,9.487015,-0.10290527
"9130",2015-06-28 08:40:02.530,-0.68278503,9.024033,0.028015137
"9131",2015-06-28 08:40:02.549,-0.5780487,8.932388,-0.004119873
"9132",2015-06-28 08:40:02.571,-1.2588348,9.083542,-0.33737183
"9133",2015-06-28 08:40:02.591,-2.2431183,9.423935,-0.53970337
"9134",2015-06-28 08:40:02.611,-3.0453033,9.638168,-0.3718872
"9135",2015-06-28 08:40:02.631,-3.4844818,9.682205,-0.4873352
"9136",2015-06-28 08:40:02.651,-3.4261627,9.625076,-0.84439087
"9137",2015-06-28 08:40:02.671,-3.0714874,9.514389,-0.8574829
"9138",2015-06-28 08:40:02.690,-2.5085297,9.359665,-0.68847656
"9139",2015-06-28 08:40:02.710,-2.0824432,9.193039,-0.42544556
"9140",2015-06-28 08:40:02.730,-1.837265,9.257309,-0.27548218
"9141",2015-06-28 08:40:02.750,-1.8777313,9.559616,-0.25405884
"9142",2015-06-28 08:40:02.769,-1.8908234,9.916672,-0.40283203
"9143",2015-06-28 08:40:02.789,-1.9384308,10.111862,-0.7444153
"9144",2015-06-28 08:40:02.809,-2.0776825,10.009506,-0.9229431
"9145",2015-06-28 08:40:02.829,-2.1931305,9.884537,-0.93603516
"9146",2015-06-28 08:40:02.849,-2.291916,9.797653,-0.88604736
"9147",2015-06-28 08:40:02.869,-2.2942963,9.696487,-0.69680786
"9148",2015-06-28 08:40:02.890,-2.3799896,9.642929,-0.40045166
"9149",2015-06-28 08:40:02.910,-2.3216705,9.6393585,0.03515625
"9150",2015-06-28 08:40:02.930,-2.3026276,9.683395,0.29937744
"9151",2015-06-28 08:40:02.950,-2.3002472,9.6905365,0.42910767
"9152",2015-06-28 08:40:02.970,-2.094345,9.660782,0.2124939
"9153",2015-06-28 08:40:02.990,-1.8896332,9.678635,-0.105285645
"9154",2015-06-28 08:40:03.009,-1.6075592,9.698868,-0.37902832
"9155",2015-06-28 08:40:03.029,-1.3790436,9.665543,-0.66348267
"9156",2015-06-28 08:40:03.049,-1.4290314,9.664352,-0.8491516
"9157",2015-06-28 08:40:03.069,-1.6527863,9.657211,-0.7694092
"9158",2015-06-28 08:40:03.089,-1.7372894,9.7738495,-0.77297974
"9159",2015-06-28 08:40:03.109,-1.8848724,9.894058,-0.6777649
"9160",2015-06-28 08:40:03.130,-2.0443573,9.8702545,-0.5028076
"9161",2015-06-28 08:40:03.150,-1.734909,9.822647,-0.5147095
"9162",2015-06-28 08:40:03.170,-1.901535,9.797653,-0.4801941
"9163",2015-06-28 08:40:03.190,-1.8265533,9.783371,-0.28381348
"9164",2015-06-28 08:40:03.210,-1.5694733,9.808365,-0.22549438
"9165",2015-06-28 08:40:03.230,-1.4385529,9.892868,-0.21121216
"9166",2015-06-28 08:40:03.250,-1.3540497,9.951187,-0.2243042
"9167",2015-06-28 08:40:03.269,-1.3231049,9.961899,-0.35165405
"9168",2015-06-28 08:40:03.289,-1.3350067,9.96666,-0.43496704
"9169",2015-06-28 08:40:03.309,-1.3207245,9.915482,-0.33380127
"9170",2015-06-28 08:40:03.329,-1.3861847,9.84169,-0.11361694
"9171",2015-06-28 08:40:03.349,-1.4242706,9.830978,0.026824951
"9172",2015-06-28 08:40:03.369,-1.4195099,9.9214325,0.089904785
"9173",2015-06-28 08:40:03.390,-1.5754242,9.933334,0.0077819824
"9174",2015-06-28 08:40:03.410,-1.2802582,9.8381195,0.07443237
"9175",2015-06-28 08:40:03.430,-0.96961975,9.772659,0.0101623535
"9176",2015-06-28 08:40:03.450,-1.2862091,9.7548065,0.01373291
"9177",2015-06-28 08:40:03.470,-1.2897797,9.790512,0.13513184
"9178",2015-06-28 08:40:03.490,-1.2873993,9.808365,0.16369629
"9179",2015-06-28 08:40:03.509,-1.3695221,9.783371,0.09109497
"9180",2015-06-28 08:40:03.529,-1.3397675,9.801224,0.06967163
"9181",2015-06-28 08:40:03.549,-1.265976,9.871445,0.12322998
"9182",2015-06-28 08:40:03.569,-1.2933502,9.945236,0.08276367
"9183",2015-06-28 08:40:03.589,-1.1945648,10.011887,0.11489868
"9184",2015-06-28 08:40:03.609,-1.1588593,10.03569,0.055389404
"9185",2015-06-28 08:40:03.630,-1.1148224,10.065445,0.06253052
"9186",2015-06-28 08:40:03.650,-1.1279144,10.127335,0.10656738
"9187",2015-06-28 08:40:03.670,-1.2159882,9.998795,0.1458435
"9188",2015-06-28 08:40:03.690,-1.3469086,9.880966,0.03753662
"9189",2015-06-28 08:40:03.710,-1.3516693,9.794083,0.060150146
"9190",2015-06-28 08:40:03.730,-1.2873993,9.734573,0.07443237
"9191",2015-06-28 08:40:03.750,-1.1207733,9.817886,0.18869019
"9192",2015-06-28 08:40:03.769,-0.98628235,9.855972,0.31484985
"9193",2015-06-28 08:40:03.789,-0.9505768,9.816696,0.335083
"9194",2015-06-28 08:40:03.809,-1.0695953,9.84407,0.35888672
"9195",2015-06-28 08:40:03.829,-1.1612396,9.834549,0.4267273
"9196",2015-06-28 08:40:03.849,-1.2100372,9.846451,0.35650635
"9197",2015-06-28 08:40:03.869,-1.1683807,9.854782,0.34817505
"9198",2015-06-28 08:40:03.890,-1.1779022,9.860733,0.3434143
"9199",2015-06-28 08:40:03.910,-1.240982,9.808365,0.44458008
"9200",2015-06-28 08:40:03.930,-1.2302704,9.752426,0.46481323
"9201",2015-06-28 08:40:03.948,-1.2493134,9.742905,0.4933777
"9202",2015-06-28 08:40:03.969,-1.2671661,9.8059845,0.43743896
"9203",2015-06-28 08:40:03.989,-1.2516937,9.869064,0.3934021
"9204",2015-06-28 08:40:04.009,-1.2124176,9.866684,0.34579468
"9205",2015-06-28 08:40:04.029,-1.1671906,9.84169,0.38388062
"9206",2015-06-28 08:40:04.049,-1.16362,9.83931,0.41125488
"9207",2015-06-28 08:40:04.069,-1.1410065,9.875015,0.37197876
"9208",2015-06-28 08:40:04.089,-1.1493378,9.853592,0.38864136
"9209",2015-06-28 08:40:04.109,-1.1850433,9.815506,0.33746338
"9210",2015-06-28 08:40:04.130,-1.2005157,9.809555,0.28985596
"9211",2015-06-28 08:40:04.148,-1.1933746,9.860733,0.3267517
"9212",2015-06-28 08:40:04.168,-1.1529083,9.871445,0.335083
"9213",2015-06-28 08:40:04.188,-1.1362457,9.871445,0.32199097
"9214",2015-06-28 08:40:04.209,-1.1517181,9.832169,0.2934265
"9215",2015-06-28 08:40:04.229,-1.1671906,9.84407,0.2362976
"9216",2015-06-28 08:40:04.249,-1.1207733,9.820267,0.25891113
"9217",2015-06-28 08:40:04.269,-1.0600739,9.819077,0.22201538
"9218",2015-06-28 08:40:04.289,-1.0719757,9.784561,0.15893555
"9219",2015-06-28 08:40:04.309,-1.1362457,9.766708,0.12799072
"9220",2015-06-28 08:40:04.328,-1.1814728,9.750046,0.113708496
"9221",2015-06-28 08:40:04.348,-1.1540985,9.7226715,0.13513184
"9222",2015-06-28 08:40:04.368,-1.1160126,9.7548065,0.08395386
"9223",2015-06-28 08:40:04.388,-1.1612396,9.8892975,0.006591797
"9224",2015-06-28 08:40:04.408,-1.16362,10.002365,-0.1255188
"9225",2015-06-28 08:40:04.428,-1.1493378,10.076157,-0.25524902
"9226",2015-06-28 08:40:04.448,-1.016037,10.058304,-0.29214478
"9227",2015-06-28 08:40:04.469,-1.0517426,10.079727,-0.23858643
"9228",2015-06-28 08:40:04.489,-1.1779022,10.089249,-0.11004639
"9229",2015-06-28 08:40:04.509,-1.2326508,10.063065,0.03515625
"9230",2015-06-28 08:40:04.529,-1.2862091,9.996414,0.05657959
"9231",2015-06-28 08:40:04.549,-1.311203,9.919052,-0.026733398
"9232",2015-06-28 08:40:04.569,-1.330246,9.891678,-0.12908936
"9233",2015-06-28 08:40:04.588,-1.2838287,9.90596,-0.08148193
"9234",2015-06-28 08:40:04.608,-1.1850433,9.895248,-0.035064697
"9235",2015-06-28 08:40:04.628,-1.1172028,9.876205,0.04824829
"9236",2015-06-28 08:40:04.648,-1.1100616,9.860733,0.09585571
"9237",2015-06-28 08:40:04.668,-1.125534,9.895248,0.07800293
"9238",2015-06-28 08:40:04.688,-1.1148224,9.894058,0.0030212402
"9239",2015-06-28 08:40:04.709,-1.1267242,9.90239,-0.060058594
"9240",2015-06-28 08:40:04.729,-1.1719513,9.936905,-0.06958008
"9241",2015-06-28 08:40:04.747,-1.1219635,9.936905,0.0101623535
"9242",2015-06-28 08:40:04.767,-1.0755463,9.8892975,0.10180664
"9243",2015-06-28 08:40:04.788,-1.0338898,9.890488,0.11013794
"9244",2015-06-28 08:40:04.808,-1.09935,9.911911,0.111328125
"9245",2015-06-28 08:40:04.828,-1.1790924,9.852402,0.0887146
"9246",2015-06-28 08:40:04.848,-1.1969452,9.800034,0.10775757
"9247",2015-06-28 08:40:04.868,-1.2124176,9.770279,0.066101074
"9248",2015-06-28 08:40:04.888,-1.2052765,9.836929,0.09109497
"9249",2015-06-28 08:40:04.907,-1.176712,9.821457,0.108947754
"9250",2015-06-28 08:40:04.927,-1.1398163,9.789322,0.14227295
"9251",2015-06-28 08:40:04.947,-1.1207733,9.802414,0.20892334
"9252",2015-06-28 08:40:04.967,-1.1041107,9.861923,0.3017578
"9253",2015-06-28 08:40:04.987,-1.0279388,9.923813,0.24819946
"9254",2015-06-28 08:40:05.007,-1.0053253,9.926193,0.12561035
"9255",2015-06-28 08:40:05.028,-1.0315094,9.947617,0.079193115
"9256",2015-06-28 08:40:05.048,-1.0874481,9.909531,0.0970459
"9257",2015-06-28 08:40:05.068,-1.1029205,9.8892975,0.2124939
"9258",2015-06-28 08:40:05.088,-1.150528,9.825027,0.18869019
"9259",2015-06-28 08:40:05.108,-1.1790924,9.810745,0.2041626
"9260",2015-06-28 08:40:05.128,-1.1552887,9.852402,0.16488647
"9261",2015-06-28 08:40:05.148,-1.1029205,9.866684,0.10656738
"9262",2015-06-28 08:40:05.167,-0.98509216,9.869064,0.13989258
"9263",2015-06-28 08:40:05.187,-1.0148468,9.896439,0.20654297
"9264",2015-06-28 08:40:05.207,-1.1219635,9.911911,0.20535278
"9265",2015-06-28 08:40:05.227,-1.1564789,9.90596,0.14346313
"9266",2015-06-28 08:40:05.247,-1.1231537,9.90239,0.06967163
"9267",2015-06-28 08:40:05.267,-1.0553131,9.883347,0.09109497
"9268",2015-06-28 08:40:05.288,-1.0624542,9.850021,0.18273926
"9269",2015-06-28 08:40:05.308,-1.0898285,9.829788,0.19940186
"9270",2015-06-28 08:40:05.328,-1.1243439,9.803604,0.19702148
"9271",2015-06-28 08:40:05.348,-1.1374359,9.850021,0.17678833
"9272",2015-06-28 08:40:05.368,-1.112442,9.869064,0.14108276
"9273",2015-06-28 08:40:05.388,-1.0791168,9.875015,0.089904785
"9274",2015-06-28 08:40:05.407,-1.0886383,9.846451,0.11608887
"9275",2015-06-28 08:40:05.427,-1.067215,9.830978,0.11251831
"9276",2015-06-28 08:40:05.447,-1.061264,9.826218,0.12680054
"9277",2015-06-28 08:40:05.467,-1.0422211,9.852402,0.07324219
"9278",2015-06-28 08:40:05.487,-1.048172,9.876205,0.09942627
"9279",2015-06-28 08:40:05.507,-1.0172272,9.883347,0.089904785
"9280",2015-06-28 08:40:05.528,-1.0207977,9.858353,0.050628662
"9281",2015-06-28 08:40:05.548,-1.0124664,9.914291,0.02444458
"9282",2015-06-28 08:40:05.568,-1.0148468,9.9535675,0.06729126
"9283",2015-06-28 08:40:05.588,-1.0529327,9.989273,0.033966064
"9284",2015-06-28 08:40:05.608,-1.0410309,9.925003,0.041107178
"9285",2015-06-28 08:40:05.628,-1.0231781,9.888107,-0.016021729
"9286",2015-06-28 08:40:05.648,-1.0231781,9.857162,0.008972168
"9287",2015-06-28 08:40:05.667,-1.0315094,9.836929,0.03515625
"9288",2015-06-28 08:40:05.687,-1.0446014,9.847641,0.057769775
"9289",2015-06-28 08:40:05.707,-1.0874481,9.822647,0.051818848
"9290",2015-06-28 08:40:05.726,-1.0588837,9.808365,0.0018310547
"9291",2015-06-28 08:40:05.746,-1.0600739,9.83931,0.0018310547
"9292",2015-06-28 08:40:05.766,-1.0695953,9.855972,-0.06719971
"9293",2015-06-28 08:40:05.786,-1.0957794,9.911911,-0.03982544
"9294",2015-06-28 08:40:05.806,-1.0315094,9.933334,-0.0076904297
"9295",2015-06-28 08:40:05.826,-0.996994,9.915482,-0.035064697
"9296",2015-06-28 08:40:05.846,-1.0136566,9.919052,-0.041015625
"9297",2015-06-28 08:40:05.867,-1.0362701,9.9535675,-0.049346924
"9298",2015-06-28 08:40:05.887,-1.0850677,9.920242,-0.038635254
"9299",2015-06-28 08:40:05.907,-1.1195831,9.878586,-0.06600952
"9300",2015-06-28 08:40:05.927,-1.1398163,9.858353,-0.05529785
"9301",2015-06-28 08:40:05.947,-1.0719757,9.832169,-0.06124878
"9302",2015-06-28 08:40:05.967,-1.0731659,9.84407,-0.056488037
"9303",2015-06-28 08:40:05.986,-1.0124664,9.835739,-0.043395996
"9304",2015-06-28 08:40:06.006,-1.0172272,9.850021,-0.057678223
"9305",2015-06-28 08:40:06.026,-1.0017548,9.896439,-0.075531006
"9306",2015-06-28 08:40:06.046,-0.964859,9.958328,-0.13504028
"9307",2015-06-28 08:40:06.066,-0.92915344,9.990463,-0.20288086
"9308",2015-06-28 08:40:06.086,-0.92082214,9.997604,-0.23739624
"9309",2015-06-28 08:40:06.107,-0.98628235,9.879776,-0.32070923
"9310",2015-06-28 08:40:06.127,-1.0553131,9.847641,-0.086242676
"9311",2015-06-28 08:40:06.147,-1.0684052,9.894058,0.10418701
"9312",2015-06-28 08:40:06.167,-1.0922089,9.890488,-0.03982544
"9313",2015-06-28 08:40:06.187,-0.96128845,9.883347,-0.20645142
"9314",2015-06-28 08:40:06.207,-0.9589081,9.940475,-0.23382568
"9315",2015-06-28 08:40:06.226,-0.9755707,9.884537,-0.08862305
"9316",2015-06-28 08:40:06.246,-1.0267487,9.859543,-0.0053100586
"9317",2015-06-28 08:40:06.266,-1.0338898,9.848831,-0.083862305
"9318",2015-06-28 08:40:06.286,-1.0338898,9.877396,-0.11361694
"9319",2015-06-28 08:40:06.306,-0.97080994,9.90477,-0.16479492
"9320",2015-06-28 08:40:06.326,-0.9743805,9.90596,-0.09576416
"9321",2015-06-28 08:40:06.346,-1.0065155,9.910721,-0.06958008
"9322",2015-06-28 08:40:06.367,-1.0124664,9.928574,-0.054107666
"9323",2015-06-28 08:40:06.387,-0.9720001,9.915482,-0.107666016
"9324",2015-06-28 08:40:06.407,-0.9743805,9.917862,-0.10171509
"9325",2015-06-28 08:40:06.427,-1.0053253,9.932144,-0.08029175
"9326",2015-06-28 08:40:06.447,-1.0553131,9.877396,-0.08148193
"9327",2015-06-28 08:40:06.467,-1.0267487,9.8381195,-0.05291748
"9328",2015-06-28 08:40:06.486,-1.0196075,9.846451,-0.027923584
"9329",2015-06-28 08:40:06.506,-0.9720001,9.875015,-0.06600952
"9330",2015-06-28 08:40:06.526,-0.9731903,9.90834,-0.023162842
"9331",2015-06-28 08:40:06.546,-0.92082214,9.873825,-0.008880615
"9332",2015-06-28 08:40:06.566,-0.932724,9.857162,0.0030212402
"9333",2015-06-28 08:40:06.586,-0.91368103,9.865494,-0.019592285
"9334",2015-06-28 08:40:06.607,-0.96009827,9.897629,-0.004119873
"9335",2015-06-28 08:40:06.627,-1.0124664,9.897629,-0.045776367
"9336",2015-06-28 08:40:06.647,-1.016037,9.879776,-0.02911377
"9337",2015-06-28 08:40:06.667,-1.03508,9.850021,-0.016021729
"9338",2015-06-28 08:40:06.687,-1.0196075,9.891678,-0.04815674
"9339",2015-06-28 08:40:06.706,-0.93629456,9.919052,-0.008880615
"9340",2015-06-28 08:40:06.726,-0.9232025,9.910721,-0.043395996
"9341",2015-06-28 08:40:06.746,-0.97676086,9.882156,-0.03387451
"9342",2015-06-28 08:40:06.766,-1.0362701,9.854782,0.0030212402
"9343",2015-06-28 08:40:06.786,-0.9910431,9.882156,0.031585693
"9344",2015-06-28 08:40:06.805,-0.9898529,9.90715,-0.010070801
"9345",2015-06-28 08:40:06.825,-0.95414734,9.948807,-0.004119873
"9346",2015-06-28 08:40:06.880,-0.9636688,9.909531,-0.0005493164
"9347",2015-06-28 08:40:06.901,-1.0255585,9.894058,0.018493652
"9348",2015-06-28 08:40:06.921,-1.0315094,9.848831,0.06491089
"9349",2015-06-28 08:40:06.940,-1.0303192,9.847641,0.11251831
"9350",2015-06-28 08:40:06.960,-0.996994,9.876205,0.0970459
"9351",2015-06-28 08:40:06.980,-0.94462585,9.938095,0.072052
"9352",2015-06-28 08:40:07.000,-0.9017792,9.933334,0.03277588
"9353",2015-06-28 08:40:07.020,-0.9148712,9.929764,0.018493652
"9354",2015-06-28 08:40:07.040,-0.9886627,9.90358,0.072052
"9355",2015-06-28 08:40:07.061,-0.9553375,9.860733,0.11608887
"9356",2015-06-28 08:40:07.081,-0.9755707,9.8059845,0.15893555
"9357",2015-06-28 08:40:07.101,-0.99342346,9.850021,0.18035889
"9358",2015-06-28 08:40:07.121,-0.96247864,9.872635,0.18154907
"9359",2015-06-28 08:40:07.141,-0.9660492,9.855972,0.17797852
"9360",2015-06-28 08:40:07.161,-0.98628235,9.84407,0.16607666
"9361",2015-06-28 08:40:07.181,-1.0172272,9.853592,0.19107056
"9362",2015-06-28 08:40:07.201,-0.97914124,9.894058,0.23153687
"9363",2015-06-28 08:40:07.221,-0.96128845,9.859543,0.22677612
"9364",2015-06-28 08:40:07.242,-0.9410553,9.897629,0.19940186
"9365",2015-06-28 08:40:07.262,-0.97080994,9.930954,0.17440796
"9366",2015-06-28 08:40:07.282,-0.96961975,9.885727,0.18988037
"9367",2015-06-28 08:40:07.302,-0.9589081,9.867874,0.22439575
"9368",2015-06-28 08:40:07.322,-0.98628235,9.850021,0.20654297
"9369",2015-06-28 08:40:07.342,-0.9815216,9.871445,0.21725464
"9370",2015-06-28 08:40:07.362,-1.0053253,9.892868,0.18273926
"9371",2015-06-28 08:40:07.382,-0.9886627,9.834549,0.22439575
"9372",2015-06-28 08:40:07.403,-0.98747253,9.847641,0.2291565
"9373",2015-06-28 08:40:07.423,-0.9553375,9.866684,0.19345093
"9374",2015-06-28 08:40:07.444,-0.94581604,9.900009,0.16726685
"9375",2015-06-28 08:40:07.463,-0.9672394,9.917862,0.16012573
"9376",2015-06-28 08:40:07.483,-0.98747253,9.911911,0.1875
"9377",2015-06-28 08:40:07.503,-0.92915344,9.915482,0.21011353
"9378",2015-06-28 08:40:07.523,-0.9386749,9.964279,0.18154907
"9379",2015-06-28 08:40:07.543,-0.9731903,9.942856,0.20059204
"9380",2015-06-28 08:40:07.563,-1.0065155,9.90715,0.19345093
"9381",2015-06-28 08:40:07.584,-1.0362701,9.832169,0.21844482
"9382",2015-06-28 08:40:07.604,-1.0505524,9.802414,0.22201538
"9383",2015-06-28 08:40:07.624,-1.0315094,9.84407,0.19940186
"9384",2015-06-28 08:40:07.644,-0.99342346,9.866684,0.20535278
"9385",2015-06-28 08:40:07.664,-0.96247864,9.882156,0.18988037
"9386",2015-06-28 08:40:07.684,-0.95414734,9.886917,0.19464111
"9387",2015-06-28 08:40:07.704,-0.96009827,9.90715,0.20059204
"9388",2015-06-28 08:40:07.724,-0.92082214,9.897629,0.19464111
"9389",2015-06-28 08:40:07.744,-0.9731903,9.938095,0.2362976
"9390",2015-06-28 08:40:07.765,-0.97914124,9.8892975,0.16131592
"9391",2015-06-28 08:40:07.785,-1.0374603,9.872635,0.18869019
"9392",2015-06-28 08:40:07.805,-1.0529327,9.848831,0.17559814
"9393",2015-06-28 08:40:07.825,-1.0600739,9.846451,0.124420166
"9394",2015-06-28 08:40:07.845,-1.0374603,9.821457,0.12680054
"9395",2015-06-28 08:40:07.865,-1.0172272,9.865494,0.16964722
"9396",2015-06-28 08:40:07.884,-0.9577179,9.896439,0.19345093
"9397",2015-06-28 08:40:07.904,-0.932724,9.933334,0.14346313
"9398",2015-06-28 08:40:07.926,-0.87202454,9.947617,0.08514404
"9399",2015-06-28 08:40:07.946,-0.87797546,9.934525,0.033966064
"9400",2015-06-28 08:40:07.966,-0.9481964,9.897629,0.030395508
"9401",2015-06-28 08:40:07.986,-1.0255585,9.879776,0.079193115
"9402",2015-06-28 08:40:08.006,-1.0529327,9.878586,0.102996826
"9403",2015-06-28 08:40:08.025,-1.0041351,9.866684,0.08395386
"9404",2015-06-28 08:40:08.045,-0.9910431,9.864304,0.055389404
"9405",2015-06-28 08:40:08.065,-1.0136566,9.90239,0.049438477
"9406",2015-06-28 08:40:08.085,-1.0231781,9.929764,0.03753662
"9407",2015-06-28 08:40:08.105,-1.0386505,9.894058,0.018493652
"9408",2015-06-28 08:40:08.125,-1.0338898,9.883347,0.0054016113
"9409",2015-06-28 08:40:08.144,-1.0446014,9.9214325,0.0637207
"9410",2015-06-28 08:40:08.164,-1.0422211,9.935715,0.100616455
"9411",2015-06-28 08:40:08.184,-1.0315094,9.883347,0.0803833
"9412",2015-06-28 08:40:08.204,-1.0553131,9.866684,0.072052
"9413",2015-06-28 08:40:08.224,-1.0981598,9.883347,0.03277588
"9414",2015-06-28 08:40:08.244,-1.0826874,9.880966,0.029205322
"9415",2015-06-28 08:40:08.265,-1.0838776,9.8702545,0.047058105
"9416",2015-06-28 08:40:08.285,-1.0398407,9.894058,-0.004119873
"9417",2015-06-28 08:40:08.305,-1.067215,9.910721,0.028015137
"9418",2015-06-28 08:40:08.325,-1.0374603,9.883347,0.03515625
"9419",2015-06-28 08:40:08.345,-1.0267487,9.896439,0.05419922
"9420",2015-06-28 08:40:08.365,-1.0255585,9.900009,0.055389404
"9421",2015-06-28 08:40:08.384,-1.0850677,9.890488,0.07443237
"9422",2015-06-28 08:40:08.404,-1.0779266,9.873825,0.10775757
"9423",2015-06-28 08:40:08.424,-1.0600739,9.875015,0.038726807
"9424",2015-06-28 08:40:08.444,-1.0636444,9.876205,0.050628662
"9425",2015-06-28 08:40:08.464,-1.0910187,9.876205,0.09466553
"9426",2015-06-28 08:40:08.484,-1.0755463,9.909531,0.072052
"9427",2015-06-28 08:40:08.505,-1.0731659,9.916672,0.07324219
"9428",2015-06-28 08:40:08.525,-1.0529327,9.914291,0.06253052
"9429",2015-06-28 08:40:08.545,-1.0922089,9.913101,0.079193115
"9430",2015-06-28 08:40:08.565,-1.1243439,9.898819,0.08157349
"9431",2015-06-28 08:40:08.585,-1.150528,9.867874,0.07562256
"9432",2015-06-28 08:40:08.605,-1.1136322,9.813126,0.06967163
"9433",2015-06-28 08:40:08.625,-1.1291046,9.834549,0.09585571
"9434",2015-06-28 08:40:08.644,-1.061264,9.894058,0.092285156
"9435",2015-06-28 08:40:08.664,-1.0446014,9.913101,0.06491089
"9436",2015-06-28 08:40:08.684,-0.9993744,9.914291,0.0887146
"9437",2015-06-28 08:40:08.704,-0.98628235,9.90715,0.113708496
"9438",2015-06-28 08:40:08.724,-1.0446014,9.90358,0.15655518
"9439",2015-06-28 08:40:08.743,-1.0838776,9.896439,0.1958313
"9440",2015-06-28 08:40:08.763,-1.0898285,9.8892975,0.23867798
"9441",2015-06-28 08:40:08.783,-1.0969696,9.885727,0.1708374
"9442",2015-06-28 08:40:08.803,-1.1564789,9.853592,0.04824829
"9443",2015-06-28 08:40:08.823,-1.3123932,9.822647,-0.012451172
"9444",2015-06-28 08:40:08.844,-1.3790436,9.789322,0.08395386
"9445",2015-06-28 08:40:08.864,-1.22789,9.7417145,0.11846924
"9446",2015-06-28 08:40:08.884,-1.1231537,9.820267,-0.016021729
"9447",2015-06-28 08:40:08.904,-1.1243439,9.935715,-0.096954346
"9448",2015-06-28 08:40:08.924,-1.2743073,10.03331,-0.07910156
"9449",2015-06-28 08:40:08.944,-1.4147491,9.935715,0.017303467
"9450",2015-06-28 08:40:08.964,-1.4409332,9.886917,0.0018310547
"9451",2015-06-28 08:40:08.984,-1.3588104,9.927383,-0.1088562
"9452",2015-06-28 08:40:09.005,-1.3016815,9.994034,-0.1671753
"9453",2015-06-28 08:40:09.025,-1.3314362,9.980942,-0.39212036
"9454",2015-06-28 08:40:09.045,-1.5468597,9.895248,-0.4718628
"9455",2015-06-28 08:40:09.063,-1.6349335,9.923813,-0.31237793
"9456",2015-06-28 08:40:09.084,-1.6218414,9.901199,-0.12670898
"9457",2015-06-28 08:40:09.104,-1.5254364,9.896439,-0.08267212
"9458",2015-06-28 08:40:09.124,-1.4314117,9.820267,-0.23739624
"9459",2015-06-28 08:40:09.144,-1.2397919,9.846451,-0.31118774
"9460",2015-06-28 08:40:09.164,-1.1838531,9.927383,-0.46948242
"9461",2015-06-28 08:40:09.184,-1.1802826,9.957138,-0.5301819
"9462",2015-06-28 08:40:09.203,-1.2421722,9.935715,-0.4635315
"9463",2015-06-28 08:40:09.223,-1.2576447,9.913101,-0.33499146
"9464",2015-06-28 08:40:09.243,-1.2957306,9.933334,-0.22906494
"9465",2015-06-28 08:40:09.263,-1.3885651,9.945236,-0.20645142
"9466",2015-06-28 08:40:09.283,-1.3802338,10.058304,-0.18026733
"9467",2015-06-28 08:40:09.303,-1.3802338,10.040451,-0.10647583
"9468",2015-06-28 08:40:09.323,-1.5135345,10.010696,-0.083862305
"9469",2015-06-28 08:40:09.344,-1.6420746,9.97261,-0.06362915
"9470",2015-06-28 08:40:09.364,-1.5718536,9.825027,-0.04815674
"9471",2015-06-28 08:40:09.384,-1.5706635,9.755997,0.0030212402
"9472",2015-06-28 08:40:09.404,-1.5528107,9.751236,-0.07791138
"9473",2015-06-28 08:40:09.424,-1.5956573,9.611984,0.066101074
"9474",2015-06-28 08:40:09.444,-1.5111542,9.600082,0.2946167
"9475",2015-06-28 08:40:09.463,-1.5004425,9.627457,0.45648193
"9476",2015-06-28 08:40:09.483,-1.5516205,9.64769,0.39816284
"9477",2015-06-28 08:40:09.503,-1.5789948,9.682205,0.21368408
"9478",2015-06-28 08:40:09.523,-1.708725,9.785751,-0.086242676
"9479",2015-06-28 08:40:09.543,-1.7753754,9.836929,-0.15170288
"9480",2015-06-28 08:40:09.563,-1.689682,9.835739,-0.19692993
"9481",2015-06-28 08:40:09.584,-1.5409088,9.834549,-0.13980103
"9482",2015-06-28 08:40:09.604,-1.3445282,9.866684,0.057769775
"9483",2015-06-28 08:40:09.624,-0.9303436,9.836929,0.108947754
"9484",2015-06-28 08:40:09.644,-0.97676086,9.888107,0.11251831
"9485",2015-06-28 08:40:09.664,-1.1338654,9.958328,0.079193115
"9486",2015-06-28 08:40:09.684,-1.3397675,9.926193,0.026824951
"9487",2015-06-28 08:40:09.703,-1.6551666,9.7417145,-0.29571533
"9488",2015-06-28 08:40:09.723,-1.9360504,9.572708,-0.3302307
"9489",2015-06-28 08:40:09.743,-1.9824677,9.567947,-0.008880615
"9490",2015-06-28 08:40:09.763,-2.041977,9.697678,0.28390503
"9491",2015-06-28 08:40:09.783,-1.9193878,9.851212,0.28866577
"9492",2015-06-28 08:40:09.803,-1.6956329,10.022598,0.076812744
"9493",2015-06-28 08:40:09.823,-1.7253876,10.005936,-0.16003418
"9494",2015-06-28 08:40:09.844,-1.8027496,9.880966,-0.13623047
"9495",2015-06-28 08:40:09.864,-1.8479767,9.683395,0.011352539
"9496",2015-06-28 08:40:09.884,-1.8325043,9.666733,0.1303711
"9497",2015-06-28 08:40:09.904,-1.8479767,9.659592,0.2696228
"9498",2015-06-28 08:40:09.924,-1.6742096,9.695297,0.2374878
"9499",2015-06-28 08:40:09.944,-1.426651,9.791702,0.19821167
"9500",2015-06-28 08:40:09.963,-1.265976,9.932144,0.072052
"9501",2015-06-28 08:40:09.983,-1.4599762,9.959518,0.061340332
